Tray ID,Species,SiteID,TagID,SproutProcessedBy,SproutDate,RadicleColor,RadicleLenthAtPlant-cm,ContainerType ,CollectionDate,IntakeDate,IntakeProcessedBy,Condiiton ,Mass,PropaguleLength,Width-mm,IntakeRadicleLength-cm,PropColor,Float,RemovalDate,ReasonForRemoval,notes,,
Salt 1,AVGE,STEER Basin,AVGE E1-1,"MTG, AH",10/24/22,G,2.3,CC,10/11/22,10/12/22,DB & KP,H,2.46,2.9,21,0.2,G,Y,,,,,
Salt 1,AVGE,Vessup Salt Pond,AVGE E1-10,"MTG, AH",10/24/22,G,2,CC,10/11/22,10/12/22,DB & KP,N,1.15,2.3,16,0.4,G,N,,,,,
Fresh 1,AVGE,Compass Point,AVGE E1-100,"MTG, AH, LU, ZDB",10/17/22,G,2.2,CC,10/11/22,10/12/22,"KWG, AND",N,1.64,2.4,17,0.3,G,Y,,,,,
Fresh 1,AVGE,Vessup Salt Pond,AVGE E1-101,KH,10/20/22,W,0.1,CC,10/11/22,10/12/22,"KWG, AND",N,0.71,2,13,NA,G,Y,,,,,
Fresh 1,AVGE,STEER Basin,AVGE E1-102,"AND, LE",10/16/22,W,2.6,CC,10/11/22,10/12/22,"KWG, AND",N,3.34,3.1,22,NA,G,Y,,,,,
Fresh 1,AVGE,Compass Point,AVGE E1-103,UKN,NA,NA,NA,NA,10/11/22,10/12/22,"KWG, AND",H,1.39,2.3,16,NA,G,Y,10/12/22,UKN,REMOVED but date not noted,,
Fresh 1,AVGE,STEER Basin,AVGE E1-104,"MTG, AH, LU, ZDB",10/17/22,G,2.5,CC,10/11/22,10/12/22,"KWG, AND",N,1.75,2.3,18,NA,G,N,,,,,
Fresh 1,AVGE,Vessup Salt Pond,AVGE E1-105,"ZBD, AJH",10/19/22,G,2.4,CC,10/11/22,10/12/22,"KWG, AND",H,1.09,2,16,0.2,G,N,,,,,
Fresh 1,AVGE,STEER Basin,AVGE E1-106,"LU, AJH, ZZB, AB",10/18/22,G,3,CC,10/11/22,10/12/22,"KWG, AND",N,2.99,3.1,23,NA,G,Y,,,internal and external nicks,,
Fresh 1,AVGE,STEER Basin,AVGE E1-107,"MTG, AH, LU, ZDB",10/17/22,G,2.2,CC,10/11/22,10/12/22,"KWG, AND",N,2.04,2.4,18,NA,G,N,,,internal and external nicks,,
Fresh 1,AVGE,Vessup Salt Pond,AVGE E1-108,"MTG, AH, LU, ZDB",10/17/22,G,1.7,CC,10/11/22,10/12/22,"KWG, AND",H,1.25,2.2,16,0.3,G,Y,,,,,
Fresh 1,AVGE,STEER Basin,AVGE E1-109,"ZBD, AJH",10/19/22,G,2.8,CC,10/13/22,10/13/22,AND,H,1.75,2.2,17,NA,G,N,,,,,
Salt 1,AVGE,Compass Point,AVGE E1-11,"AND, LE",10/22/22,W,2.3,CC,10/11/22,10/12/22,DB & KP,N,2.03,2.9,20,0.2,G,N,,,,,
Fresh 1,AVGE,Vessup Salt Pond,AVGE E1-110,"MG, AJH",10/21/22,G,1.9,CC,10/11/22,10/12/22,"KWG, AND",N,1.15,2.3,15,NA,G,Y,,,,,
Fresh 1,AVGE,Compass Point,AVGE E1-111,"ZBD, AJH",10/19/22,G,2.6,CC,10/11/22,10/12/22,"KWG, AND",N,1.19,2.1,16,0.1,G,N,,,,,
Fresh 1,AVGE,Compass Point,AVGE E1-112,"MTG, AH, LU, ZDB",10/17/22,G,2.1,CC,10/11/22,10/12/22,"KWG, AND",N,1.94,2.5,19,NA,G,N,,,,,
Fresh 1,AVGE,Compass Point,AVGE E1-113,"ZBD, AJH",10/19/22,G,3.1,CC,10/11/22,10/12/22,"KWG, AND",N,1.84,2.5,18,NA,G,N,,,,,
Fresh 1,AVGE,Compass Point,AVGE E1-114,"MG, AJH",10/21/22,G,2.3,CC,10/11/22,10/12/22,"KWG, AND",H,1.41,2.4,16,NA,G,N,,,,,
Fresh 1,AVGE,Vessup Salt Pond,AVGE E1-115,"MG, AJH",10/21/22,G,3,CC,10/11/22,10/12/22,"KWG, AND",N,1.34,2.1,16,NA,G,N,,,,,
Fresh 1,AVGE,Vessup Salt Pond,AVGE E1-116,"ZBD, AJH",10/19/22,G,2.4,CC,10/11/22,10/12/22,"KWG, AND",H,0.97,2,14,0.4,G,Y,,,,,
Fresh 1,AVGE,Vessup Salt Pond,AVGE E1-117,"MTG, AH, LU, ZDB",10/17/22,G,1.3,CC,10/11/22,10/12/22,"KWG, AND",H,1.13,2.2,15,NA,G,Y,,,looks deformed (not flat coldelydon),,
Fresh 1,AVGE,STEER Basin,AVGE E1-118,"MG, AJH",10/21/22,G,2.2,CC,10/11/22,10/12/22,"KWG, AND",N,1.55,2.3,17,NA,G,N,,,,,
Fresh 1,AVGE,Vessup Salt Pond,AVGE E1-119,"MG, AJH",10/21/22,G,2.1,CC,10/11/22,10/12/22,"KWG, AND",N,0.94,2,14,NA,G,N,,,,,
Salt 1,AVGE,Vessup Salt Pond,AVGE E1-12,AND,10/23/22,B,2.2,CC,10/11/22,10/12/22,DB & KP,H,1.76,2.4,19,0.7,G,Y,,,,,
Fresh 1,AVGE,Compass Point,AVGE E1-120,"ZBD, AJH",10/19/22,G,3.1,CC,10/11/22,10/12/22,"KWG, AND",N,2.66,2.5,20,NA,G,Y,,,,,
Fresh 2,AVGE,STEER Basin,AVGE E1-121,"MTG, AH, LU, ZDB",10/17/22,G,2.5,CC,10/11/22,10/12/22,AC/SM,H,1.69,2.5,1.5,0.2,G,N,,,,,
Fresh 2,AVGE,Vessup Salt Pond,AVGE E1-122,KH,10/20/22,W,<0.1,CC,10/11/22,10/12/22,AC/SM,N,0.64,1.9,10,1,G,Y,,,,,
Fresh 2,AVGE,STEER Basin,AVGE E1-123,"MTG, AH, LU, ZDB",10/17/22,G,2,CC,10/11/22,10/12/22,AC/SM,N,2.34,2.9,20,0.5,G,Y,,,,,
Fresh 2,AVGE,STEER Basin,AVGE E1-124,"MTG, AH, LU, ZDB",10/17/22,G,2.9,CC,10/11/22,10/12/22,AC/SM,H,2.85,3.1,20,1,G,Y,,,,,
Fresh 2,AVGE,Vessup Salt Pond,AVGE E1-125,"MG, AJH",10/21/22,G,2.5,CC,10/11/22,10/12/22,AC/SM,H,1.1,2.4,16,1.5,G,Y,,,on 10/17/22 observed first set of leaves but still no primary root,,
Fresh 2,AVGE,Compass Point,AVGE E1-126,"ZBD, AJH",10/19/22,G,2.4,CC,10/11/22,10/12/22,AC/SM,N,2.18,2.8,20,1,G,N,,,,,
Fresh 2,AVGE,STEER Basin,AVGE E1-127,AD,10/15/22,W,2.3,CC,10/11/22,10/12/22,AC/SM,P,2.05,2.9,18,0.7,G,Y,,,,,
Fresh 2,AVGE,Vessup Salt Pond,AVGE E1-128,AND,10/22/22,W,2.5,CC,10/11/22,10/12/22,AC/SM,H,1.08,2.1,15,1,G,Y,,,,,
Fresh 2,AVGE,STEER Basin,AVGE E1-129,"MTG, AH, LU, ZDB",10/17/22,G,2.9,CC,10/11/22,10/12/22,AC/SM,H,1.81,3,17,1.1,G,N,,,,,
Salt 1,AVGE,Compass Point,AVGE E1-13,KO,10/29/22,G,<0.1,CC,10/11/22,10/12/22,DB & KP,H,1.23,2.4,16,0.2,G,N,,,,,
Fresh 2,AVGE,Compass Point,AVGE E1-130,"AND, LE",10/22/22,W,1.4,CC,10/11/22,10/12/22,AC/SM,P,1.17,1.7,11,0.7,G,N,,,,,
Fresh 2,AVGE,Compass Point,AVGE E1-131,"LU, AJH, ZZB, AB",10/18/22,G,2.3,CC,10/11/22,10/12/22,AC/SM,H,1.49,2.3,15,1.2,G,Y,,,,,
Fresh 2,AVGE,Compass Point,AVGE E1-132,AND,10/22/22,W,2.6,CC,10/11/22,10/12/22,AC/SM,N,1.13,2.3,14,1.3,G,Y,,,,,
Fresh 2,AVGE,STEER Basin,AVGE E1-133,"MTG, AH, LU, ZDB",10/17/22,G,2.5,CC,10/11/22,10/12/22,AC/SM,P,1.53,2.3,16,1.4,G,Y,,,,,
Fresh 2,AVGE,Compass Point,AVGE E1-134,"LU, AR",11/7/22,G,1.6,CC,10/11/22,11/7/22,LU/AR,N,0.76,2.7,1.5,1.6,G,Y,,,,,
Fresh 2,AVGE,STEER Basin,AVGE E1-135,AND,10/26/22,W,1.8,CC,10/11/22,10/12/22,AC/SM,N,0.67,1.4,7,0.5,G,N,,,,,
Fresh 2,AVGE,Vessup Salt Pond,AVGE E1-136,"AND, LE",10/16/22,W,1.4,CC,10/11/22,10/12/22,AC/SM,N,1.25,2.3,13,1.1,G,N,,,,,
Fresh 2,AVGE,STEER Basin,AVGE E1-137,"ZBD, AJH",10/19/22,G,2.3,CC,10/11/22,10/12/22,AC/SM,N,1.42,2.1,13,1.1,G,N,,,,,
Fresh 2,AVGE,Vessup Salt Pond,AVGE E1-138,AND,10/22/22,W,2,CC,10/11/22,10/12/22,AC/SM,P,0.44,1.6,9,1.1,G,Y,,,,,
Fresh 2,AVGE,Compass Point,AVGE E1-139,"ZBD, AJH",10/19/22,G,2.3,CC,10/11/22,10/12/22,AC/SM,P,1.93,2.7,17,0.9,G,N,,,,,
Salt 1,AVGE,STEER Basin,AVGE E1-14,"MTG, AH",10/24/22,G,2,CC,10/11/22,10/12/22,DB & KP,N,2.04,2.7,18,0.2,G,N,,,,,
Fresh 2,AVGE,Vessup Salt Pond,AVGE E1-140,"MTG, AH",10/24/22,G,3.2,CC,10/11/22,10/12/22,AC/SM,P,0.86,2.1,12,1,G,Y,,,,,
Fresh 2,AVGE,Compass Point,AVGE E1-141,"AND, LE",10/16/22,W,2.5,CC,10/11/22,10/12/22,AC/SM,P,2.09,2.5,16,0.9,G,Y,,,,,
Fresh 2,AVGE,Vessup Salt Pond,AVGE E1-142,"ZBD, AJH",10/19/22,G,3,CC,10/11/22,10/12/22,AC/SM,N,1.85,2.7,19,1.2,G,Y,,,,,
Fresh 2,AVGE,STEER Basin,AVGE E1-143,KH,10/20/22,W,0.1,CC,10/11/22,10/12/22,AC/SM,P,1.79,2.5,16,0.7,G,Y,,,,,
Fresh 2,AVGE,Vessup Salt Pond,AVGE E1-144,"MG, AJH",10/21/22,G,1.6,CC,10/11/22,10/12/22,AC/SM,P,0.67,1.9,13,0.5,G,Y,,,,,
Fresh 2,AVGE,STEER Basin,AVGE E1-145,"MTG, AH",10/17/22,G,2.3,CC,10/11/22,10/12/22,AC/SM,P,1.54,2.2,15,0.7,G,Y,,,,,
Fresh 2,AVGE,Compass Point,AVGE E1-146,KH,10/20/22,W,0.3,CC,10/11/22,10/12/22,AC/SM,N,1.24,2.1,14,1.1,G,N,,,,,
Fresh 2,AVGE,Compass Point,AVGE E1-147,"ZBD, AJH",10/19/22,G,2.2,CC,10/11/22,10/12/22,AC/SM,P,1.47,2.3,15,1.5,G,N,,,,,
Fresh 2,AVGE,Compass Point,AVGE E1-148,"AND, LE",10/22/22,W,2,CC,10/11/22,10/12/22,AC/SM,N,1,2,12,1.1,G,N,,,,,
Fresh 2,AVGE,Vessup Salt Pond,AVGE E1-149,"MG, AJH",10/21/22,G,2.2,CC,10/11/22,10/12/22,AC/SM,H,1,2.1,15,1,G,Y,,,,,
Salt 1,AVGE,STEER Basin,AVGE E1-15,AND,10/22/22,W,2.1,CC,10/11/22,10/12/22,DB & KP,N,2.61,2.8,23,<0.1,G,Y,,,,,
Fresh 2,AVGE,Vessup Salt Pond,AVGE E1-150,"MG, AJH",10/21/22,G,2.4,CC,10/11/22,10/12/22,AC/SM,H,1.23,2.3,17,1,G,Y,,,,,
Fresh 3,AVGE,Compass Point,AVGE E1-151,"LU, AJH, ZZB, AB",10/18/22,G,1.9,CC,10/11/22,10/12/22,"KWG, AND",N,0.75,1.9,13,0.1,G,N,,,,,
Fresh 3,AVGE,Vessup Salt Pond,AVGE E1-152,"ZBD, AJH",10/19/22,G,2.7,CC,10/11/22,10/12/22,"KWG, AND",N,1.61,2.3,17,NA,G,Y,,,,,
Fresh 3,AVGE,STEER Basin,AVGE E1-153,"MTG, AH, LU, ZDB",10/17/22,G,2.5,CC,10/11/22,10/12/22,"KWG, AND",N,1.69,2.8,18,NA,G,Y,,,MUDDY ON INSIDE,,
Fresh 3,AVGE,Vessup Salt Pond,AVGE E1-154,"MG, AJH",10/21/22,G,2.6,CC,10/11/22,10/12/22,"KWG, AND",H,0.88,1.8,14,NA,G,N,,,,,
Fresh 3,AVGE,Vessup Salt Pond,AVGE E1-155,"MTG, AH, LU, ZDB",10/17/22,G,3,CC,10/11/22,10/12/22,"KWG, AND",N,1.88,2.6,20,NA,G,Y,,,,,
Fresh 3,AVGE,Compass Point,AVGE E1-156,"MTG, AH, LU, ZDB",10/17/22,G,1.7,CC,10/11/22,10/12/22,"KWG, AND",N,0.8,1.9,14,NA,G,N,,,,,
Fresh 3,AVGE,Compass Point,AVGE E1-157,"MG, AJH",10/21/22,G,1.5,CC,10/11/22,10/12/22,"KWG, AND",H,1,2.1,15,NA,G,N,,,,,
Fresh 3,AVGE,STEER Basin,AVGE E1-158,"ZBD, AJH",10/19/22,G,2.2,CC,10/11/22,10/12/22,"KWG, AND",N,1.16,2,15,NA,G,N,,,MUD ON INSIDE,,
Fresh 3,AVGE,Vessup Salt Pond,AVGE E1-159,"AND, LE",10/16/22,W,2.4,CC,10/11/22,10/12/22,"KWG, AND",H,2.07,2.8,22,NA,G,Y,,,,,
Salt 1,AVGE,Vessup Salt Pond,AVGE E1-16,"K.O, A.J.H",NA,NA,NA,NA,10/11/22,10/12/22,DB & KP,N,1.04,2.3,16,0.4,G,Y,10/28/22,mold,MOLD,,
Fresh 3,AVGE,Vessup Salt Pond,AVGE E1-160,"ZBD, AJH",10/19/22,G,2.6,CC,10/11/22,10/12/22,"KWG, AND",H,0.87,2,14,NA,G,N,,,,,
Fresh 3,AVGE,Compass Point,AVGE E1-161,"MG, AJH",10/21/22,G,1.7,CC,10/11/22,10/12/22,"KWG, AND",N,1,1.9,14,NA,G,N,,,,,
Fresh 3,AVGE,STEER Basin,AVGE E1-162,"MTG, AH, LU, ZDB",10/17/22,G,2.1,CC,10/13/22,10/13/22,AND,H,1.35,2.4,16,NA,G,Y,,,,,
Fresh 3,AVGE,Compass Point,AVGE E1-163,"MTG, AH, LU, ZDB",10/17/22,G,2.5,CC,10/11/22,10/12/22,"KWG, AND",N,2.32,2.7,20,0.2,G,N,,,MUD INSIDE,,
Fresh 3,AVGE,Compass Point,AVGE E1-164,"MTG, AH, LU, ZDB",10/17/22,G,2.3,CC,10/11/22,10/12/22,"KWG, AND",N,2.09,2.8,18,NA,G,N,,,,,
Fresh 3,AVGE,Vessup Salt Pond,AVGE E1-165,"LU, AJH, ZZB, AB",10/18/22,G,2.4,CC,10/11/22,10/12/22,"KWG, AND",H,1.49,2.3,18,0.2,G,Y,,,,,
Fresh 3,AVGE,STEER Basin,AVGE E1-166,"AND, LE",10/16/22,W,2.5,CC,10/11/22,10/12/22,"KWG, AND",N,1.48,2.2,17,0.2,G,N,,,MUD INSIDE,,
Fresh 3,AVGE,Vessup Salt Pond,AVGE E1-167,"MG, AJH",10/21/22,G,1.9,CC,10/11/22,10/12/22,"KWG, AND",N,0.46,1.6,11,0.1,G,N,,,,,
Fresh 3,AVGE,Vessup Salt Pond,AVGE E1-168,"MTG, AH, LU, ZDB",10/17/22,G,2.7,CC,10/11/22,10/12/22,"KWG, AND",H,2.03,2.7,18,0.1,G,N,,,,,
Fresh 3,AVGE,Compass Point,AVGE E1-169,KH,10/20/22,W,0.3,CC,10/11/22,10/12/22,"KWG, AND",N,1.78,2.1,16,NA,G,N,,,DOUBLE PROP,,
Salt 1,AVGE,Compass Point,AVGE E1-17,"AJH, ZDB",10/25/22,G,2.7,CC,10/11/22,10/12/22,DB & KP,N,0.75,1.8,12,0.3,G,N,,,,,
Fresh 3,AVGE,Compass Point,AVGE E1-170,"ZBD, AJH",10/19/22,G,2.7,CC,10/11/22,10/12/22,"KWG, AND",H,1.13,2.2,16,NA,G,N,,,,,
Fresh 3,AVGE,STEER Basin,AVGE E1-171,"AND, LE",10/16/22,W,2.6,CC,10/11/22,10/12/22,"KWG, AND",N,1.13,2.2,16,0.5,G,N,,,MUD INSIDE,,
Fresh 3,AVGE,STEER Basin,AVGE E1-172,"MTG, AND",10/14/22,B,2.6,CC,10/11/22,10/12/22,"KWG, AND",N,3.13,2.9,22,0.5,G,Y,,,MUD INSIDE,,
Fresh 3,AVGE,STEER Basin,AVGE E1-173,"AND, LE",10/16/22,W,2.6,CC,10/11/22,10/12/22,"KWG, AND",H,2.03,2.3,20,NA,G,N,,,,,
Fresh 3,AVGE,Compass Point,AVGE E1-174,"MTG, AH, LU, ZDB",10/17/22,G,2.4,CC,10/11/22,10/12/22,"KWG, AND",N,1.04,2,14,NA,G,N,,,,,
Fresh 3,AVGE,STEER Basin,AVGE E1-175,"MTG, AH, LU, ZDB",10/17/22,G,2.7,CC,10/11/22,10/12/22,"KWG, AND",N,1.79,2.4,18,0.3,G,N,,,MUD INSIDE,,
Fresh 3,AVGE,Compass Point,AVGE E1-176,"MTG, AH, LU, ZDB",10/17/22,G,2,CC,10/11/22,10/12/22,"KWG, AND",N,1.17,2.2,15,NA,G,N,,,,,
Fresh 3,AVGE,Vessup Salt Pond,AVGE E1-177,"AND, LE",10/16/22,W,2.4,CC,10/11/22,10/12/22,"KWG, AND",H,2.1,2.6,20,0.6,G,Y,,,,,
Fresh 3,AVGE,STEER Basin,AVGE E1-178,"MG, AJH",10/21/22,G,2.5,CC,10/13/22,10/13/22,AND,H,1.25,2,16,NA,G,N,,,,,
Fresh 3,AVGE,STEER Basin,AVGE E1-179,KH,10/20/22,W,0.4,CC,10/13/22,10/13/22,AND,H,0.96,2.2,1.3,0.2,G,N,,,,,
Salt 1,AVGE,Compass Point,AVGE E1-18,"K.O, A.J.H",10/26/22,G,2.3,CC,10/11/22,10/12/22,DB & KP,N,1.49,2.4,16,<0.1,G,N,,,,,
Fresh 3,AVGE,Vessup Salt Pond,AVGE E1-180,"MTG, AH, LU, ZDB",10/17/22,G,3,CC,10/11/22,10/12/22,"KWG, AND",N,2.35,2.7,20,0.4,G,Y,,,,,
Air 1,AVGE,Compass Point,AVGE E1-181,KH,10/20/22,W,<0.1,CC,10/11/22,10/12/22,"NM, JP",N,0.61,1.6,12,0.1,G,N,,,,,
Air 1,AVGE,Vessup Salt Pond,AVGE E1-182,"K.O, A.J.H",NA,NA,NA,NA,10/11/22,10/12/22,"NM, JP",N,0.77,2.1,14,0.4,G,Y,10/28/22,mold,Pulled because of mold,,
Air 1,AVGE,Compass Point,AVGE E1-183,"KO, AJH",NA,NA,NA,NA,10/11/22,10/12/22,"NM, JP",N,1.62,2.4,18,0.3,G,Y,11/2/22,mold,Pulled because of mold,,
Air 1,AVGE,Vessup Salt Pond,AVGE E1-184,"AJH, ZDB",10/25/22,G,1.7,CC,10/11/22,10/12/22,"NM, JP",H,0.69,1.9,14,0.3,G,Y,,,,,
Air 1,AVGE,Compass Point,AVGE E1-185,"KO, AJH",NA,NA,NA,NA,10/11/22,10/12/22,"NM, JP",N,1.78,2.9,18,0.1,G,N,11/2/22,mold,"PULLED, MOLD",,
Air 1,AVGE,STEER Basin,AVGE E1-186,"K.O, A.J.H",,NA,NA,NA,10/13/22,10/13/22,AND,H,1.38,2.1,15,NA,G,N,10/28/22,mold,"PULLED, MOLD ",,
Air 1,AVGE,Vessup Salt Pond,AVGE E1-187,"MTG, AH ",NA,NA,NA,NA,10/11/22,10/12/22,"NM, JP",N,0.41,1.6,11,0.1,G,N,10/24/22,mold,Removed covered in mold 10/24/22,,
Air 1,AVGE,STEER Basin,AVGE E1-188,"K.O, A.J.H",NA,NA,NA,NA,10/11/22,10/12/22,"NM, JP",N,1.24,2,15,0.1,G,N,10/28/22,mold,Pulled because of mold,,
Air 1,AVGE,STEER Basin,AVGE E1-189,"K.O, A.J.H",NA,NA,NA,NA,10/11/22,10/12/22,"NM, JP",N,1.29,2.5,15,0.3,G,N,10/26/22,mold,Pulled because of mold,,
Salt 1,AVGE,STEER Basin,AVGE E1-19,"AJH, ZDB",10/25/22,G,2.5,CC,10/11/22,10/12/22,DB & KP,N,1.44,2.3,16,0.3,G,N,,,,,
Air 1,AVGE,Compass Point,AVGE E1-190,"MTG, AH ",NA,NA,NA,NA,10/11/22,10/12/22,"NM, JP",N,0.55,1.4,11,0.1,G,N,10/24/22,mold,Removed covered in mold 10/24/22,,
Air 1,AVGE,STEER Basin,AVGE E1-191,"K.O, A.J.H",NA,NA,NA,NA,10/11/22,10/12/22,"NM, JP",N,1.38,2.1,17,0.1,G,N,10/28/22,mold,PULLED MOLD,,
Air 1,AVGE,Compass Point,AVGE E1-192,"K.O, A.J.H",NA,NA,NA,NA,10/11/22,10/12/22,"NM, JP",N,0.66,1.6,11,,G,N,10/28/22,mold,PULLED MOLD,,
Air 1,AVGE,Compass Point,AVGE E1-193,"AJH, ZDB",NA,NA,NA,NA,10/11/22,10/12/22,"NM, JP",N,1.56,2.4,18,0.2,G,N,10/25/22,dead,"PULLED, DEAD / MOLDY",,
Air 1,AVGE,Vessup Salt Pond,AVGE E1-194,"AJH, ZDB",NA,NA,NA,NA,10/11/22,10/12/22,"NM, JP",N,1.21,2,17,,G,N,10/25/22,dead,"PULLED, DEAD / MOLDY",,
Air 1,AVGE,Compass Point,AVGE E1-195,"AJH, ZDB",NA,NA,NA,NA,10/11/22,10/12/22,"NM, JP",H,1,2.2,14,0.3,G,N,10/25/22,dead,"PULLED, DEAD / MOLDY",,
Air 1,AVGE,STEER Basin,AVGE E1-196,"AJH, ZDB",NA,NA,NA,NA,10/11/22,10/12/22,"NM, JP",N,1.68,2.5,18,0.1,G,Y,10/25/22,dead,"PULLED, DEAD / MOLDY",,
Air 1,AVGE,Vessup Salt Pond,AVGE E1-197,"K.O, A.J.H",NA,NA,NA,NA,10/11/22,10/12/22,"NM, JP",N,1.62,2.9,19,0.7,G,Y,10/28/22,mold,PULLED MOLD,,
Air 1,AVGE,Vessup Salt Pond,AVGE E1-198,"AND, LE",NA,NA,NA,NA,10/11/22,10/12/22,"NM, JP",N,1.71,2.9,19,,G,Y,10/22/22,mold,MOLDY,,
Air 1,AVGE,STEER Basin,AVGE E1-199,"K.O, A.J.H",NA,NA,NA,NA,10/11/22,10/12/22,"NM, JP",N,0.86,2.1,15,0.5,G,N,10/26/22,mold,Mold ,,
Salt 1,AVGE,Vessup Salt Pond,AVGE E1-2,"AND, LE",10/22/22,W,1.7,CC,10/11/22,10/12/22,DB & KP,H,1.26,2.3,17,0.2,G,Y,,,White is for black mangroves,,
Salt 1,AVGE,STEER Basin,AVGE E1-20,AND,10/22/22,W,1.7,CC,10/11/22,10/12/22,DB & KP,H,0.46,1.4,10,0.1,G,N,,,,,
Air 1,AVGE,Vessup Salt Pond,AVGE E1-200,"K.O, A.J.H",NA,NA,NA,NA,10/11/22,10/12/22,"NM, JP",H,1.3,2.3,17,0.3,G,Y,10/28/22,mold,MOLDY,,
Air 1,AVGE,STEER Basin,AVGE E1-201,"AJH, ZDB",NA,NA,NA,NA,10/11/22,10/12/22,"NM, JP",N,1.46,2.4,17,0.1,G,Y,10/25/22,,"PULLED, DEAD / MOLDY",,
Air 1,AVGE,Vessup Salt Pond,AVGE E1-202,"MTG, AH ",NA,NA,NA,NA,10/11/22,10/12/22,"NM, JP",H,2.03,2.9,20,0.4,G,Y,10/24/22,mold,Removed covered in mold 10/24/22,,
Air 1,AVGE,Vessup Salt Pond,AVGE E1-203,"MTG, AH ",NA,NA,NA,NA,10/11/22,10/12/22,"NM, JP",N,0.81,2,13,0.1,G,N,10/24/22,mold,Removed covered in mold 10/24/22,,
Air 1,AVGE,Compass Point,AVGE E1-204,"MTG, AH ",NA,NA,NA,NA,10/11/22,10/12/22,"NM, JP",H,1.1,2.2,14,0.1,G,N,10/24/22,mold,Removed covered in mold 10/24/22,,
Air 1,AVGE,STEER Basin,AVGE E1-205,"K.O, A.J.H",NA,NA,NA,NA,10/11/22,10/12/22,"NM, JP",N,1.24,2.1,17,0.1,G,N,10/28/22,mold,PULLED BECAUSE OF MOLD,,
Air 1,AVGE,Compass Point,AVGE E1-206,"K.O, A.J.H",NA,NA,NA,NA,10/11/22,10/12/22,"NM, JP",N,1.95,2.7,19,,G,N,10/28/22,mold,pulled due to mold,,
Air 1,AVGE,STEER Basin,AVGE E1-207,"K.O, A.J.H",NA,NA,NA,NA,10/11/22,10/12/22,"NM, JP",H,2.25,2.7,19,0.1,G,N,10/28/22,mold,"pulled, moldy",,
Air 1,AVGE,STEER Basin,AVGE E1-208,"K.O, A.J.H",NA,NA,NA,NA,10/11/22,10/12/22,"NM, JP",N,2.23,2.8,20,,G,N,10/28/22,dead,"PULLED, DEAD / MOLDY",,
Air 1,AVGE,Compass Point,AVGE E1-209,"AJH, ZDB",NA,NA,NA,NA,10/11/22,10/12/22,"NM, JP",N,0.84,2,13,0.3,G,N,10/25/22,dead,"PULLED, DEAD / MOLDY",,
Salt 1,AVGE,Compass Point,AVGE E1-21,KO,10/29/22,G,2.6,CC,10/11/22,10/12/22,DB & KP,N,1.85,2.5,18,0.3,G,N,,,,,
Air 1,AVGE,Vessup Salt Pond,AVGE E1-210,"K.O, A.J.H",NA,NA,NA,NA,10/11/22,10/12/22,"NM, JP",N,1.03,2.4,15,0.6,G,Y,10/28/22,dead,"PULLED, DEAD / MOLDY",,
Air 2,AVGE,STEER Basin,AVGE E1-211,KO,NA,NA,NA,NA,10/11/22,10/12/22,"JS,KD",H,1,1.9,15,0.1,G,N,10/29/22,mold,Pulled because of mold,,
Air 2,AVGE,Compass Point,AVGE E1-212,KO,NA,NA,NA,NA,10/11/22,10/12/22,"JS,KD",N,0.83,2,14,0.1,G,Y,10/29/22,mold,pulled because of mold,,
Air 2,AVGE,Vessup Salt Pond,AVGE E1-213,KO,NA,NA,NA,NA,10/11/22,10/12/22,"JS,KD",H,1.45,2.5,16,0.2,G,Y,10/29/22,mold,pulled because of mold,,
Air 2,AVGE,Compass Point,AVGE E1-214,KO,NA,NA,NA,NA,10/11/22,10/12/22,"JS,KD",N,1.59,2.1,18,NA,G,N,10/29/22,mold,pulled because of mold,,
Air 2,AVGE,Vessup Salt Pond,AVGE E1-215,KO,NA,NA,NA,NA,10/11/22,10/12/22,"JS,KD",H,1.84,2.4,19,0.2,G,N,10/29/22,mold,Pulled because of mold,,
Air 2,AVGE,Vessup Salt Pond,AVGE E1-216,"K.O, A.J.H",NA,NA,NA,NA,10/11/22,10/12/22,"JS,KD",H,1.13,2.3,15,0.1,G,Y,10/26/22,mold,Pulled because of mold,,
Air 2,AVGE,Compass Point,AVGE E1-217,"MTG, AH ",NA,NA,NA,NA,10/11/22,10/12/22,"JS,KD",H,0.9,2.1,13,0.1,G,Y,10/24/22,dead,DEAD,,
Air 2,AVGE,STEER Basin,AVGE E1-218,KO,NA,NA,NA,NA,10/11/22,10/12/22,"JS,KD",H,2.65,3.1,21,NA,G,N,10/29/22,mold,Pulled because of mold,,
Air 2,AVGE,Compass Point,AVGE E1-219,"K.O, A.J.H",NA,NA,NA,NA,10/11/22,10/12/22,"JS,KD",H,1.28,2.1,15,0.1,G,N,10/26/22,mold,Pulled because of mold,,
Salt 1,AVGE,Compass Point,AVGE E1-22,AB,NA,W,NA,NA,10/11/22,10/12/22,DB & KP,N,1.53,2.4,16,0.5,G,N,11/1/22,mold,MOLD 11/1,,
Air 2,AVGE,STEER Basin,AVGE E1-220,"K.O, A.J.H",NA,NA,NA,NA,10/11/22,10/12/22,"JS,KD",H,1.91,2.6,17,0.1,G,N,10/26/22,mold,Pulled because of mold,,
Air 2,AVGE,Compass Point,AVGE E1-221,"AND, LE",NA,NA,NA,NA,10/11/22,10/12/22,"JS,KD",N,1.53,2.3,17,0.2,G,Y,10/22/22,mold,MOLDY,,
Air 2,AVGE,Vessup Salt Pond,AVGE E1-222,"MTG, AH ",NA,NA,NA,NA,10/11/22,10/12/22,"JS,KD",H,0.66,1.8,13,0.2,G,Y,10/24/22,dead,DEAD,,
,,,,,,,,,,,,,,,,,,,,,,,
Air 2,AVGE,STEER Basin,AVGE E1-224,KO,NA,NA,NA,NA,10/11/22,10/12/22,"JS,KD",H,1.93,2.9,18,0.1,G,N,10/29/22,mold,pulled because of mold,,
Air 2,AVGE,Vessup Salt Pond,AVGE E1-225,KO,NA,NA,NA,NA,10/11/22,10/12/22,"JS,KD",H,1.7,2.4,18,0.5,G,Y,10/29/22,mold,pulled because of mold,,
Air 2,AVGE,Compass Point,AVGE E1-226,NA,NA,NA,NA,NA,10/11/22,10/12/22,"JS,KD",H,1,1.7,13,0.3,G,Y,10/24/22,dead,DEAD/MOLDY,,
Air 2,AVGE,Vessup Salt Pond,AVGE E1-227,"MTG, AH ",NA,NA,NA,NA,10/11/22,10/12/22,"SS, KR",H,0.82,1.9,14,0.2,G,Y,10/24/22,dead,DEAD,,
Air 2,AVGE,STEER Basin,AVGE E1-228,"MTG, AH ",NA,NA,NA,NA,10/11/22,10/12/22,"SS, KR",H,1.11,1.8,15,NA,G,N,10/24/22,dead,DEAD,,
Air 2,AVGE,STEER Basin,AVGE E1-229,UKN,NA,NA,NA,NA,10/11/22,10/12/22,"SS, KR",H,2.09,2.7,19,0.3,G,N,UKN,UKN,REMOVED but date not noted,,
Salt 1,AVGE,Vessup Salt Pond,AVGE E1-23,"MTG, AH",10/24/22,G,2,CC,10/11/22,10/12/22,DB & KP,H,1.49,2.3,19,0.4,G,Y,,,,,
Air 2,AVGE,Compass Point,AVGE E1-230,"MTG, AH ",NA,NA,NA,NA,10/11/22,10/12/22,"SS, KR",H,1.08,1.9,13,0.2,G,N,11/8/22,UKN,REMOVED but date not noted,,
Air 2,AVGE,Compass Point,AVGE E1-231,"MTG, AH ",NA,NA,NA,NA,10/11/22,10/12/22,"SS, KR",H,1.83,2.6,17,0.2,G,N,10/24/22,dead,DEAD,,
Air 2,AVGE,STEER Basin,AVGE E1-232,"MTG, AH ",NA,NA,NA,NA,10/11/22,10/12/22,"SS, KR",N,1.43,2,15,0.1,G,N,10/24/22,dead,DEAD,,
Air 2,AVGE,Vessup Salt Pond,AVGE E1-233,"MTG, AH ",NA,NA,NA,NA,10/11/22,10/12/22,"SS, KR",H,1.78,2.4,17,0.3,G,Y,10/24/22,dead,DEAD,,
Air 2,AVGE,Vessup Salt Pond,AVGE E1-234,KO,NA,NA,NA,NA,10/11/22,10/12/22,"SS, KR",H,2.4,2.7,20,0.3,G,Y,10/29/22,mold,pulled because of mold,,
Air 2,AVGE,STEER Basin,AVGE E1-235,"MTG, AH ",NA,NA,NA,NA,10/11/22,10/12/22,"SS, KR",H,2.45,2.7,21,0.3,G,N,10/24/22,dead,DEAD,,
Air 2,AVGE,STEER Basin,AVGE E1-236,"MTG, AH ",NA,NA,NA,NA,10/11/22,10/12/22,"SS, KR",N,2.74,2.9,21,0.3,G,Y,10/24/22,dead,DEAD,,
Air 2,AVGE,Vessup Salt Pond,AVGE E1-237,"MTG, AH ",NA,NA,NA,NA,10/11/22,10/12/22,"SS, KR",H,0.62,1.6,11,0.1,G,N,10/24/22,dead,DEAD,,
Air 2,AVGE,Compass Point,AVGE E1-238,"MTG, AH ",NA,NA,NA,NA,10/11/22,10/12/22,"SS, KR",N,2.08,2.5,19,0.3,G,Y,10/24/22,dead,DEAD,,
Air 2,AVGE,STEER Basin,AVGE E1-239,"MTG, AH ",NA,NA,NA,NA,10/11/22,10/12/22,"SS, KR",N,0.96,1.9,13,0.2,G,N,10/24/22,dead,DEAD,,
Salt 1,AVGE,STEER Basin,AVGE E1-24,"MTG, AH",10/24/22,G,1.9,CC,10/11/22,10/12/22,DB & KP,H,1.39,2.4,18,<0.1,G,N,,,,,
Air 2,AVGE,Compass Point,AVGE E1-240,"MTG, AH ",NA,NA,NA,NA,10/11/22,10/12/22,"SS, KR",H,1.91,2.5,17,NA,G,N,10/24/22,dead,DEAD,,
Air 3,AVGE,STEER Basin,AVGE E1-241,"AND, LE",10/16/22,W,1.3,CC,10/11/22,10/12/22,"MM, CJ",H,1.15,2.2,16,0.1,G,Y,,,,,
Air 3,AVGE,STEER Basin,AVGE E1-242,"KO, AJH",NA,NA,NA,NA,10/11/22,10/12/22,"MM, CJ",H,1.22,2.35,16,0.2,G,N,11/2/22,mold,PULLED DUE TO MOLD ,,
Air 3,AVGE,Vessup Salt Pond,AVGE E1-243,"AND, LE",NA,NA,NA,NA,10/11/22,10/12/22,"MM, CJ",N,1.95,2.6,19,0.7,solid G,Y,10/22/22,mold,MOLDY,,
Air 3,AVGE,Vessup Salt Pond,AVGE E1-244,"KO, AJH",NA,NA,NA,NA,10/11/22,10/12/22,"MM, CJ",H,1.75,2.4,18,0.4,solid G,Y,11/2/22,mold,PULLED DUE TO MOLD ,,
Air 3,AVGE,Vessup Salt Pond,AVGE E1-245,"AND, LE",NA,NA,NA,NA,10/11/22,10/12/22,"MM, CJ",H,2.05,2.9,22,0.3,G,Y,10/22/22,mold,MOLDY,,
Air 3,AVGE,Vessup Salt Pond,AVGE E1-246,"AND, LE",NA,NA,NA,NA,10/11/22,10/12/22,"MM, CJ",H,1.11,2,12,0.4,G with dark brown spot,Y,10/22/22,mold,MOLDY,,
Air 3,AVGE,STEER Basin,AVGE E1-247,"MTG, AH ",NA,NA,NA,NA,10/11/22,10/12/22,"MM, CJ",H,0.81,1.95,14,0.2,G,N,10/24/22,mold,Removed covered in mold 10/24/22,,
Air 3,AVGE,Vessup Salt Pond,AVGE E1-248,"MTG, AH",10/24/22,G,2,CC,10/11/22,10/12/22,"MM, CJ",H,0.86,1.9,14,0.2,G,Y,,,,,
Air 3,AVGE,STEER Basin,AVGE E1-249,"AJH, ZDB",NA,NA,NA,NA,10/11/22,10/12/22,"MM, CJ",H,1.34,2.1,18,0.3,G,Y,10/25/22,dead,"PULLED, DEAD / MOLDY",,
Salt 1,AVGE,STEER Basin,AVGE E1-25,"AND, LE",10/22/22,B,2.2,CC,10/11/22,10/12/22,DB & KP,N,1.69,2.6,18,0.3,G,N,,,,,
Air 3,AVGE,Compass Point,AVGE E1-250,"KO, AJH",11/2/22,G,<0.1,CC,10/11/22,10/12/22,"MM, CJ",H,1.57,2.3,17,0.1,G,Y,,,,,
Air 3,AVGE,Vessup Salt Pond,AVGE E1-251,"MTG, AH ",NA,NA,NA,NA,10/11/22,10/12/22,"MM, CJ",G,0.77,1.7,15,0.3,G,Y,10/24/22,mold,Removed covered in mold 10/24/22,,
Air 3,AVGE,Compass Point,AVGE E1-252,"KO, AJH",11/2/22,G,<0.1,CC,10/11/22,10/12/22,"MM, CJ",H,1.35,2.2,17,0.2,G,Y,,,,,
Air 3,AVGE,Vessup Salt Pond,AVGE E1-253,AND,10/23/22,B,2.4,CC,10/11/22,10/12/22,"MM, CJ",P,1.96,2.5,19,0.2,G,Y,,,,,
Air 3,AVGE,Compass Point,AVGE E1-254,"MTG, AH ",NA,NA,NA,NA,10/11/22,10/12/22,"MM, CJ",N,1.83,2.4,18,0.3,G,Y,11/8/22,UKN,REMOVED but date not noted,,
Air 3,AVGE,STEER Basin,AVGE E1-255,"KO, AJH",,NA,NA,NA,10/11/22,10/12/22,"MM, CJ",H,0.66,2.2,19,0.1,G,N,11/2/22,mold,PULLED DUE TO MOLD,,
Air 3,AVGE,Vessup Salt Pond,AVGE E1-256,"K.O, A.J.H",10/28/22,G,<0.1,CC,10/11/22,10/12/22,"MM, CJ",N,1,2.05,14,0.2,G,Y,,,,,
Air 3,AVGE,Compass Point,AVGE E1-257,UKN,NA,NA,NA,NA,10/11/22,10/12/22,"MM, CJ",N,1.29,2.2,16,0.2,G,N,,mold,TAKEN  OUT BECAUSE MOLDY,,
Air 3,AVGE,STEER Basin,AVGE E1-258,"AND, LE",NA,NA,NA,NA,10/11/22,10/12/22,"MM, CJ",N,1.27,1.9,17,0,G,N,10/22/22,mold,"radicle has started to grow, REMOVED MOLDY",,
Air 3,AVGE,STEER Basin,AVGE E1-259,"AND, LE",NA,NA,NA,NA,10/11/22,10/12/22,"MM, CJ",N,1.52,2.1,18,0.1,G,N,10/22/22,mold,MOLDY,,
Salt 1,AVGE,Compass Point,AVGE E1-26,AJH,10/30/22,G,1.8,CC,10/11/22,10/12/22,DB & KP,N,1.24,2.1,15,0.2,G,N,,,,,
Air 3,AVGE,Vessup Salt Pond,AVGE E1-260,"KO,AJH",11/9/22,G,2,CC,10/11/22,10/12/22,"MM, CJ",N,1.73,2.5,18,0.2,G ,Y,,,,,
Air 3,AVGE,STEER Basin,AVGE E1-261,"MTG, AH",10/24/22,B,1.5,CC,10/11/22,10/12/22,"MM, CJ",N,1.55,2.3,17,0,G,Y,,,,,
Air 3,AVGE,Compass Point,AVGE E1-262,AND,10/23/22,B,1.8,CC,10/11/22,10/12/22,"MM, CJ",H,1.79,2.5,18,0.2,G,Y,,,,,
Air 3,AVGE,STEER Basin,AVGE E1-263,AND,10/23/22,B,2,CC,10/11/22,10/12/22,"MM, CJ",H,0.89,1.6,15,0.2,G,N,,,,,
Air 3,AVGE,Compass Point,AVGE E1-264,"K.O, A.J.H",10/28/22,G,<0.1,CC,10/11/22,10/12/22,"MM, CJ",G,1.18,2.1,16,0.1,G,N,,,,,
Air 3,AVGE,Compass Point,AVGE E1-265,"AJH, ZDB",NA,NA,NA,NA,10/11/22,10/12/22,"MM, CJ",H,1.11,2.1,15,0.3,G,N,10/25/22,dead,"brown stuff attached on top, PULLED DEAD / MOLDY",,
Air 3,AVGE,STEER Basin,AVGE E1-266,"AJH, ZDB",NA,NA,NA,NA,10/11/22,10/12/22,"MM, CJ",H,2.39,2.9,19,0.4,G,Y,10/25/22,dead,"PULLED, DEAD / MOLDY",,
Air 3,AVGE,Compass Point,AVGE E1-267,"MTG, AH ",NA,NA,NA,NA,10/11/22,10/12/22,"MM, CJ",N,0.66,1.7,12,0.1,G,N,10/25/22,mold,Removed covered in mold 10/24/22,,
Air 3,AVGE,Compass Point,AVGE E1-268,"KO, AJH",NA,NA,NA,NA,10/11/22,10/12/22,"MM, CJ",H,1.06,1.9,14,0.2,G ,N,11/2/22,mold,PULLED DUE TO MOLD,,
Air 3,AVGE,Compass Point,AVGE E1-269,"KO, AJH",NA,NA,NA,NA,10/11/22,10/12/22,"MM, CJ",H,1.53,2.3,18,0.3,G,Y,11/2/22,mold,PULLED DUE TO MOLD,,
Salt 1,AVGE,Compass Point,AVGE E1-27,"AJH, ZDB",10/25/22,G,2.5,CC,10/11/22,10/12/22,DB & KP,N,1.65,2.5,17,0.2,G,N,,,,,
Air 3,AVGE,Vessup Salt Pond,AVGE E1-270,AND,10/23/22,B,2.1,CC,10/11/22,10/12/22,"MM, CJ",H,1.12,2.1,16,0.2,G,Y,,,,,
Soil 1,AVGE,Compass Point,AVGE E1-271,KO,10/29/22,G,1.7,CC,10/11/22,10/12/22,AC/SM,N,1.37,2.1,13,1,G,Y,,,,,
Soil 1,AVGE,Compass Point,AVGE E1-272,"LU, AJH, ZDB, AB",10/18/22,G,1.3,CC,10/11/22,10/12/22,AC/SM,N,1.2,2.1,13,1.1,G,Y,,,,,
Soil 1,AVGE,STEER Basin,AVGE E1-273,"MTG, AH ",NA,NA,NA,NA,10/11/22,10/12/22,AC/SM,N,0.85,1.9,12,1.1,G,N,10/24/22,dead,DEAD,,
Soil 1,AVGE,Vessup Salt Pond,AVGE E1-274,KO,10/29/22,G,1.6,CC,10/11/22,10/12/22,AC/SM,H,0.92,2.2,12,0.9,G,N,,,,,
Soil 1,AVGE,Compass Point,AVGE E1-275,KO,NA,NA,NA,NA,10/11/22,10/12/22,AC/SM,P,1.89,3,19,0.2,G,N,10/29/22,mold,FOUND A BLACK SPOT AT THE ROOT TIP,,
Soil 1,AVGE,STEER Basin,AVGE E1-276,"TNT, ZB",10/17/22,B,1,CC,10/11/22,10/12/22,AC/SM,N,0.47,1.5,10,0.5,G,N,,,,,
Soil 1,AVGE,Vessup Salt Pond,AVGE E1-277,"LU, AJH, ZDB, AB",10/18/22,G,1.6,CC,10/11/22,10/12/22,AC/SM,P,1.04,2.1,12,1,G,Y,,,,,
Soil 1,AVGE,STEER Basin,AVGE E1-278,"MTG, AND",10/14/22,G,1.5,CC,10/11/22,10/12/22,AC/SM,P,0.62,1.6,12,1.2,G,Y,,,,,
Soil 1,AVGE,Compass Point,AVGE E1-279,"K.O, A.J.H",NA,NA,NA,NA,10/11/22,10/12/22,AC/SM,H,0.93,1.9,12,0.8,G,N,10/26/22,mold,Pulled becuase of mold,,
Salt 1,AVGE,Compass Point,AVGE E1-28,"K.O, A.J.H",10/28/22,G,<0.1,CC,10/11/22,10/12/22,DB & KP,N,1,2,14,0.2,G,N,,,,,
Soil 1,AVGE,Compass Point,AVGE E1-280,"AJH, ZDB",NA,NA,NA,NA,10/11/22,10/12/22,AC/SM,P,0.9,2.1,13,0.7,G,Y,10/25/22,mold,"PULLED, DEAD / MOLDY",,
Soil 1,AVGE,STEER Basin,AVGE E1-281,"MTG, AH ",NA,NA,NA,NA,10/11/22,10/12/22,AC/SM,P,1.51,2.2,15,1,G,N,10/24/22,dead,DEAD,,
Soil 1,AVGE,Compass Point,AVGE E1-282,"MTG, AH ",NA,NA,NA,NA,10/11/22,10/12/22,AC/SM,N,0.86,2,11,0.9,G,N,10/24/22,dead,DEAD,,
Soil 1,AVGE,Vessup Salt Pond,AVGE E1-283,"MTG, AH ",NA,NA,NA,NA,10/11/22,10/12/22,AC/SM,P,0.33,1.4,7,0.5,G,N,10/24/22,dead,DEAD,,
Soil 1,AVGE,STEER Basin,AVGE E1-284,"AND, LE",10/22/22,W,1.6,CC,10/11/22,10/12/22,AC/SM,H,1.42,2,15,1,G,N,,,,,
Soil 1,AVGE,Vessup Salt Pond,AVGE E1-285,"AND, LE",10/16/22,W,1.6,CC,10/11/22,10/12/22,AC/SM,H,0.9,2.2,15,1.5,G,Y,,,,,
Soil 1,AVGE,Compass Point,AVGE E1-286,"ZBD, AJH",10/19/22,G,1.4,CC,10/11/22,10/12/22,AC/SM,P,0.7,1.9,11,1,G,Y,,,,,
Soil 1,AVGE,Compass Point,AVGE E1-287,KO,10/29/22,G,1.6,CC,10/11/22,10/12/22,AC/SM,H,1.11,2.1,14,1.5,G,N,,,,,
Soil 1,AVGE,Vessup Salt Pond,AVGE E1-288,"K.O, A.J.H",10/26/22,G,1.3,CC,10/11/22,10/12/22,AC/SM,H,1,2.1,15,1.3,G,Y,,,,,
Soil 1,AVGE,Vessup Salt Pond,AVGE E1-289,"AND, LE",10/16/22,W,1.4,CC,10/11/22,10/12/22,AC/SM,N,1.75,2.5,18,1.5,G,N,,,,,
Salt 1,AVGE,STEER Basin,AVGE E1-29,"K.O, A.J.H",10/28/22,G,<0.1,CC,10/11/22,10/12/22,DB & KP,N,1,2,15,0.4,G,N,,,,,
Soil 1,AVGE,Compass Point,AVGE E1-290,KO,10/29/22,G,<0.1,CC,10/11/22,10/12/22,AC/SM,H,1.28,2.4,14,1.1,G,N,,,,,
Soil 1,AVGE,STEER Basin,AVGE E1-291,"TNT, ZB",10/17/22,B,1.9,CC,10/11/22,10/12/22,AC/SM,P,1.91,2.3,18,1.4,G,N,,,,,
Soil 1,AVGE,STEER Basin,AVGE E1-292,"ZBD, AJH",10/19/22,G,2.2,CC,10/11/22,10/12/22,AC/SM,P,1.23,1.7,15,1,G,N,,,,,
Soil 1,AVGE,STEER Basin,AVGE E1-293,KH,10/27/22,W,0.3,CC,10/11/22,10/12/22,AC/SM,H,1.76,2.5,16,1.1,G,N,,,,,
Soil 1,AVGE,STEER Basin,AVGE E1-294,"AND, LE",10/16/22,W,1.3,CC,10/11/22,10/12/22,AC/SM,P,0.52,1.5,10,0.7,G,N,,,,,
Soil 1,AVGE,STEER Basin,AVGE E1-295,"LU, AJH, ZDB, AB",10/18/22,G,1.1,CC,10/11/22,10/12/22,AC/SM,H,0.75,1.8,12,0.9,G,N,,,,,
Soil 1,AVGE,Vessup Salt Pond,AVGE E1-296,"LU, AJH, ZDB, AB",10/18/22,G,1.7,CC,10/11/22,10/12/22,AC/SM,H,1.17,2.2,15,0.6,G,Y,,,,,
Soil 1,AVGE,Compass Point,AVGE E1-297,"MTG, AH ",NA,NA,NA,NA,10/11/22,10/12/22,AC/SM,N,1.82,2.5,18,1.5,G,N,10/24/22,dead,DEAD,,
Soil 1,AVGE,Vessup Salt Pond,AVGE E1-298,"AND, LE",10/22/22,W,1.7,CC,10/11/22,10/12/22,AC/SM,H,1.24,2.2,15,1.4,G,N,,,,,
Soil 1,AVGE,Vessup Salt Pond,AVGE E1-299,"AND, LE",10/16/22,W,2.4,CC,10/11/22,10/12/22,AC/SM,H,1.66,2.5,19,1.1,G,Y,,,,,
Salt 1,AVGE,STEER Basin,AVGE E1-3,"ZBD, AJH",10/19/22,G,2.2,CC,10/11/22,10/12/22,DB & KP,N,2.16,2.7,20,<0.1,G,N,,,,,
Salt 1,AVGE,Vessup Salt Pond,AVGE E1-30,"AND, LE",10/22/22,W,3.1,CC,10/11/22,10/12/22,DB & KP,H,1.84,2.8,19,0.3,G,Y,,,,,
Soil 1,AVGE,Vessup Salt Pond,AVGE E1-300,KO,NA,NA,NA,NA,10/11/22,10/12/22,AC/SM,P,0.52,2,12,1.2,G,Y,10/29/22,mold,PULLED BECAUSE OF MOLD ON COTYLEDON BUT HAD A FULLY DEVELOPED RADICLE WITH BUDDING ROOT HAIRS,,
Soil 2,AVGE,Compass Point,AVGE E1-301,AND,10/26/22,W,3.1,CC,10/11/22,10/12/22,DB & KP,H,1.53,2.2,18,0.3,G,N,,,,,
Soil 2,AVGE,Vessup Salt Pond,AVGE E1-302,AND,10/22/22,W,2.5,CC,10/11/22,10/12/22,DB & KP,H,1.67,2.5,20,1,G,Y,,,,,
Soil 2,AVGE,Vessup Salt Pond,AVGE E1-303,"MTG, AH, LU, ZDB",10/17/22,G,2.1,CC,10/11/22,10/12/22,DB & KP,N,1.46,2.5,18,0.9,G,Y,,,,,
Soil 2,AVGE,Vessup Salt Pond,AVGE E1-304,"ZBD, AJH",10/19/22,G,2.4,CC,10/11/22,10/12/22,DB & KP,H,1.65,2.4,19,0.8,G,Y,,,,,
Soil 2,AVGE,STEER Basin,AVGE E1-305,AD,10/15/22,B,1.8,CC,10/11/22,10/12/22,DB & KP,H,1.11,2.3,15,0.2,G,Y,,,,,
Soil 2,AVGE,Vessup Salt Pond,AVGE E1-306,AND,10/22/22,B,2.4,CC,10/11/22,10/12/22,DB & KP,H,1.88,2.7,20,1,G,Y,,,,,
Soil 2,AVGE,Compass Point,AVGE E1-307,AJH,11/5/22,G,2.7,CC,10/11/22,10/12/22,DB & KP,H,1.4,2,16,0.5,G,N,,,,,
Soil 2,AVGE,Compass Point,AVGE E1-308,"ZBD, AJH",10/19/22,G,2.7,CC,10/11/22,10/12/22,DB & KP,N,1.24,2.3,17,0.6,G,Y,,,,,
Soil 2,AVGE,STEER Basin,AVGE E1-309,"MTG, AH",10/24/22,G,1.5,CC,10/11/22,10/12/22,DB & KP,N,1,2,16,0.1,G,N,,,,,
Salt 2,AVGE,STEER Basin,AVGE E1-31,"MG, AJH",10/21/22,G,2.1,CC,10/11/22,10/12/22,"NM, JP",N,1.81,2.7,18,0.2,G,N,,,,,
Soil 2,AVGE,Vessup Salt Pond,AVGE E1-310,KH,10/20/22,W,<0.1,CC,10/11/22,10/12/22,DB & KP,H,1.47,2.4,19,0.2,G,N,,,,,
Soil 2,AVGE,STEER Basin,AVGE E1-311,"MTG, AH",10/24/22,G,1.6,CC,10/11/22,10/12/22,DB & KP,N,0.91,1.9,14,0.2,G,N,,,,,
Soil 2,AVGE,STEER Basin,AVGE E1-312,"AND, LE",10/22/22,W,1.6,CC,10/11/22,10/12/22,DB & KP,H,1.44,2.1,18,0.6,G,N,,,,,
Soil 2,AVGE,Compass Point,AVGE E1-313,"LU, AJH, ZZB, AB",10/18/22,G,1.9,CC,10/11/22,10/12/22,DB & KP,H,1.62,2.5,19,0.1,G,N,,,,,
Soil 2,AVGE,STEER Basin,AVGE E1-314,"MTG, AH, LU, ZDB",10/17/22,G,2.3,CC,10/11/22,10/12/22,DB & KP,N,2.31,3,21,0.6,G,Y,,,,,
Soil 2,AVGE,Vessup Salt Pond,AVGE E1-315,"MG, AJH",10/21/22,G,2.1,CC,10/11/22,10/12/22,DB & KP,N,1.25,2.4,18,1.1,G,Y,,,,,
Soil 2,AVGE,Compass Point,AVGE E1-316,"MTG, AH, LU, ZDB",10/17/22,G,1.6,CC,10/11/22,10/12/22,DB & KP,H,0.88,1.9,14,0.4,G,N,,,,,
Soil 2,AVGE,STEER Basin,AVGE E1-317,"MTG, AH",10/24/22,G,1.3,CC,10/11/22,10/12/22,DB & KP,H,1.22,2.3,17,0.5,G,N,,,,,
Soil 2,AVGE,STEER Basin,AVGE E1-318,"AND, LE",10/22/22,W,1.1,CC,10/11/22,10/12/22,DB & KP,N,0.84,1.8,15,<0.1,G,N,,,,,
Soil 2,AVGE,Vessup Salt Pond,AVGE E1-319,"AND, LE",NA,NA,NA,NA,10/11/22,10/12/22,DB & KP,H,1.84,2.9,20,0.3,G,Y,10/22/22,mold,MOLDY,,
Salt 2,AVGE,STEER Basin,AVGE E1-32,"AND, LE",10/22/22,B,3.2,CC,10/11/22,10/12/22,"NM, JP",N,2.24,2.7,20,NA,G,Y,,,,,
Soil 2,AVGE,Vessup Salt Pond,AVGE E1-320,"MTG, AH, LU, ZDB",10/17/22,G,1.6,CC,10/11/22,10/12/22,DB & KP,H,0.56,1.7,14,0.5,G,Y,,,,,
Soil 2,AVGE,Compass Point,AVGE E1-321,"MG, AJH",10/21/22,G,1.6,CC,10/11/22,10/12/22,DB & KP,H,1.31,2.2,16,0.3,G,N,,,,,
Soil 2,AVGE,STEER Basin,AVGE E1-322,"MTG, AND",10/14/22,W,2,CC,10/11/22,10/12/22,DB & KP,H,1.66,2.6,19,0.4,G,Y,,,,,
Soil 2,AVGE,Compass Point,AVGE E1-323,"LU, AJH, ZZB, AB",10/18/22,Y,1.3,CC,10/11/22,10/12/22,DB & KP,H,0.69,0.4,9,0.1,G,N,,,,,
Soil 2,AVGE,Compass Point,AVGE E1-324,AND,NA,NA,NA,NA,10/11/22,10/12/22,DB & KP,N,0.93,2.1,15,0.4,G,N,10/27/22,mold,"REMOVED, MOLDY",,
Soil 2,AVGE,Vessup Salt Pond,AVGE E1-325,"K.O, A.J.H",NA,NA,NA,NA,10/11/22,10/12/22,DB & KP,N,0.68,1.9,14,0.7,G,Y,10/26/22,mold,Pulled because of mold,,
Soil 2,AVGE,STEER Basin,AVGE E1-326,"KO,AJH",11/9/22,G,1.3,CC,10/11/22,10/12/22,DB & KP,N,1.14,2.2,16,<0.1,G,Y,,,END OF EXPERIMENT BUT STILL PLANTED,,
Soil 2,AVGE,Vessup Salt Pond,AVGE E1-327,"AND, LE",10/22/22,W,1.9,CC,10/11/22,10/12/22,DB & KP,H,0.97,2.1,16,0.5,G,Y,,,,,
Soil 2,AVGE,STEER Basin,AVGE E1-328,KO,10/29/22,G,0.6,CC,10/11/22,10/12/22,DB & KP,H,0.54,1.4,13,<0.1,G,N,,,,,
Soil 2,AVGE,Compass Point,AVGE E1-329,"AND, AR",10/31/22,W,2,CC,10/11/22,10/12/22,DB & KP,N,1.7,2.4,17,<0.1,G,N,,,,,
Salt 2,AVGE,Compass Point,AVGE E1-33,"AJH, ZDB",10/30/22,G,2.5,CC,10/11/22,10/12/22,"NM, JP",N,1.78,2.6,17,NA,G,N,,,,,
Soil 2,AVGE,Compass Point,AVGE E1-330,AD,10/15/22,W,1.6,CC,10/11/22,10/12/22,DB & KP,H,0.83,1.7,14,0.4,G,N,,,,,
Soil 3,AVGE,STEER Basin,AVGE E1-331,"MTG, AND",10/14/22,W,2.3,CC,10/11/22,10/12/22,"KD,JS",H,3.16,3,20,0.2,G,Y,,,,,
Soil 3,AVGE,STEER Basin,AVGE E1-332,"AJH, ZDB",10/25/22,G,2.2,CC,10/11/22,10/12/22,"KD,JS",H,1.43,2.5,15,0.1,G,N,,,,,
Soil 3,AVGE,STEER Basin,AVGE E1-333,"AND, LE",10/22/22,W,2.1,CC,10/11/22,10/12/22,"KD,JS",H,1.53,2,18,NA,G,N,,,,,
Soil 3,AVGE,Compass Point,AVGE E1-334,"MTG, AH, LU, ZDB",10/17/22,G,1.2,CC,10/11/22,10/12/22,"KD,JS",H,0.72,1.5,10,NA,G,N,,,,,
Soil 3,AVGE,STEER Basin,AVGE E1-335,"AND, LE",10/22/22,W,2.2,CC,10/11/22,10/12/22,"KD,JS",H,2.67,3,20,NA,G,Y,,,,,
Soil 3,AVGE,Vessup Salt Pond,AVGE E1-336,"ZBD, AJH",10/19/22,G,2.7,CC,10/11/22,10/12/22,"KD,JS",H,1.74,2.5,20,0.5,G,Y,,,,,
Soil 3,AVGE,Vessup Salt Pond,AVGE E1-337,"MTG, AH, LU, ZDB",10/17/22,G,1.4,CC,10/11/22,10/12/22,"KD,JS",H,0.49,1.9,10,NA,G,N,,,,,
Soil 3,AVGE,Vessup Salt Pond,AVGE E1-338,"AND, LE",10/22/22,W,1.8,CC,10/11/22,10/12/22,"KD,JS",H,0.46,1.5,10,0.1,G,N,,,,,
Soil 3,AVGE,STEER Basin,AVGE E1-339,KH,10/20/22,W,<0.1,CC,10/11/22,10/12/22,"KD,JS",H,2.47,2.5,20,NA,G,N,,,,,
Salt 2,AVGE,Compass Point,AVGE E1-34,"MG, AJH",10/21/22,G,1.7,CC,10/11/22,10/12/22,"NM, JP",N,0.79,1.8,13,0.2,G,N,,,,,
Soil 3,AVGE,Vessup Salt Pond,AVGE E1-340,"ZBD, AJH",10/19/22,G,2.4,CC,10/11/22,10/12/22,"KD,JS",H,1.49,2.5,19,0.1,G,N,,,,,
Soil 3,AVGE,Compass Point,AVGE E1-341,AND,10/23/22,W,1.5,CC,10/11/22,10/12/22,"KD,JS",H,0.93,2,10,NA,G,N,,,,,
Soil 3,AVGE,STEER Basin,AVGE E1-342,"AJH, ZDB",10/25/22,G,2.4,CC,10/11/22,10/12/22,"KD,JS",H,1.69,2,15,NA,G,N,,,,,
Soil 3,AVGE,Vessup Salt Pond,AVGE E1-343,"AND, LE",10/16/22,W,1.5,CC,10/13/22,10/13/22,"AB,KR",H,1.51,2.2,16,0.3,G,Y,,,,,
Soil 3,AVGE,STEER Basin,AVGE E1-344,"LU, AJH, ZDB, AB",10/18/22,G,2.1,CC,10/11/22,10/12/22,"KD,JS",H,1.82,2.9,20,0.1,G,N,,,,,
Soil 3,AVGE,Compass Point,AVGE E1-345,AD,NA,NA,NA,NA,10/11/22,10/12/22,"KD,JS",H,1.44,2.5,15,NA,G,Y,10/21/22,mold,TAKEN OUT BY AD BECAUSE IT WAS MOLDING,,
Soil 3,AVGE,Compass Point,AVGE E1-346,"AND, LE",10/16/22,W,1.1,CC,10/11/22,10/12/22,"SS, KR",H,1.08,1.8,15,0.3,G,Y,,,,,
Soil 3,AVGE,Compass Point,AVGE E1-347,"AND, LE",10/22/22,W,1.8,CC,10/11/22,10/12/22,"SS, KR",H,0.95,1.8,13,NA,G,N,,,,,
Soil 3,AVGE,Compass Point,AVGE E1-348,"MTG, AH, LU, ZDB",10/17/22,G,1.4,CC,10/11/22,10/12/22,"SS, KR",H,0.66,1.5,11,0.2,G,N,,,,,
Soil 3,AVGE,STEER Basin,AVGE E1-349,"MTG, AH, LU, ZDB",10/17/22,G,1.2,CC,10/11/22,10/12/22,"SS, KR",H,1.12,2.1,14,0.3,G,N,,,,,
Salt 2,AVGE,STEER Basin,AVGE E1-35,"AJH, ZDB",10/25/22,G,2.7,CC,10/11/22,10/12/22,"NM, JP",H,1.66,2.4,19,0.1,G,Y,,,,,
Soil 3,AVGE,Compass Point,AVGE E1-350,"K.O, A.J.H",10/26/22,G,2.1,CC,10/11/22,10/12/22,"SS, KR",H,1.29,2.3,14,0.2,G,N,,,,,
Soil 3,AVGE,Vessup Salt Pond,AVGE E1-351,"AND, LE",10/22/22,W,2.1,CC,10/11/22,10/12/22,"SS, KR",H,1.24,2.1,14,0.4,G,N,,,,,
Soil 3,AVGE,STEER Basin,AVGE E1-352,AD,10/15/22,W,2.4,CC,10/11/22,10/12/22,"SS, KR",H,1.1,2.1,14,0.2,G,N,,,,,
Soil 3,AVGE,Compass Point,AVGE E1-353,KO,10/29/22,G,<0.1,CC,10/11/22,10/12/22,"SS, KR",H,0.84,1.9,12,0.1,G,N,,,,,
Soil 3,AVGE,Vessup Salt Pond,AVGE E1-354,"MTG, AH, LU, ZDB",10/17/22,G,2.1,CC,10/11/22,10/12/22,"SS, KR",H,1.09,2.3,16,0.3,G,Y,,,,,
Soil 3,AVGE,Vessup Salt Pond,AVGE E1-355,"MG, AJH",10/21/22,G,1.9,CC,10/11/22,10/12/22,"SS, KR",H,0.7,2,12,0.3,G,Y,,,,,
Soil 3,AVGE,Compass Point,AVGE E1-356,"AND, LE",10/16/22,W,1.7,CC,10/11/22,10/12/22,"SS, KR",N,1.03,2,13,0.2,G,N,,,,,
Soil 3,AVGE,STEER Basin,AVGE E1-357,"K.O, A.J.H",10/26/22,G,1,CC,10/11/22,10/12/22,"SS, KR",H,0.88,1.8,13,NA,G,N,,,,,
Soil 3,AVGE,Compass Point,AVGE E1-358,KO,10/29/22,G,<0.1,CC,10/11/22,10/12/22,"SS, KR",H,0.67,1.6,12,0.1,G,N,,,FOUND A SMALL SPIDER ON THE TAG,,
Soil 3,AVGE,Vessup Salt Pond,AVGE E1-359,"MG, AJH",10/21/22,G,2,CC,10/11/22,10/12/22,"SS, KR",H,0.46,1.7,12,0.2,G,Y,,,,,
Salt 2,AVGE,STEER Basin,AVGE E1-36,AJH,10/30/22,G,2.5,CC,10/11/22,10/12/22,"NM, JP",N,1,2.1,15,0.1,G,N,,,,,
Soil 3,AVGE,Vessup Salt Pond,AVGE E1-360,AD,10/15/22,B,2,CC,10/11/22,10/12/22,"SS, KR",H,2.08,2.6,21,0.4,G,Y,,,,,
Salt 2,AVGE,STEER Basin,AVGE E1-37,"AJH, ZDB",10/25/22,G,2.7,CC,10/11/22,10/12/22,"NM, JP",N,1.73,2.6,17,0.1,G,N,,,,,
Salt 2,AVGE,Vessup Salt Pond,AVGE E1-38,"MG, AJH",10/21/22,G,1.9,CC,10/11/22,10/12/22,"NM, JP",H,1.28,2.3,16,0.1,G,Y,,,,,
Salt 2,AVGE,Compass Point,AVGE E1-39,"MG, AJH",10/21/22,G,2.6,CC,10/11/22,10/12/22,"NM, JP",N,2.33,2.8,20,0.2,G,Y,,,,,
Salt 1,AVGE,Compass Point,AVGE E1-4,KH,10/27/22,W,<0.1,CC,10/11/22,10/12/22,DB & KP,N,1.49,2.5,18,0.2,G,N,,,,,
Salt 2,AVGE,Compass Point,AVGE E1-40,"K.O,A.J.H",10/26/22,G,1.9,CC,10/11/22,10/12/22,"NM, JP",N,1.24,2.3,16,0.1,G,N,,,,,
Salt 2,AVGE,Vessup Salt Pond,AVGE E1-41,"LU, AJH, ZZB, AB",10/18/22,G,2.3,CC,10/11/22,10/12/22,"NM, JP",N,2,3,21,0.7,G,Y,,,,,
Salt 2,AVGE,Compass Point,AVGE E1-42,AJH,10/30/22,G,2.3,CC,10/11/22,10/12/22,"NM, JP",N,1.24,2.2,15,0.1,G,N,,,,,
Salt 2,AVGE,Compass Point,AVGE E1-43,"AJH, ZDB",10/25/22,G,2.6,CC,10/11/22,10/12/22,"NM, JP",N,1.62,2.7,1.7,0.3,G,Y,,,,,
Salt 2,AVGE,Vessup Salt Pond,AVGE E1-44,AJH,10/30/22,G,2.6,CC,10/11/22,10/12/22,"NM, JP",H,0.68,2.1,13,0.6,G,Y,,,,,
Salt 2,AVGE,Vessup Salt Pond,AVGE E1-45,"AJH, ZDB",10/25/22,G,2.4,CC,10/11/22,10/12/22,"NM, JP",H,0.86,2.3,16,0.9,G,Y,,,,,
Salt 2,AVGE,Vessup Salt Pond,AVGE E1-46,AJH,10/30/22,G,3,CC,10/11/22,10/12/22,"NM, JP",N,0.93,2.1,15,0.1,G,Y,,,,,
Salt 2,AVGE,STEER Basin,AVGE E1-47,"AND, LE",10/16/22,W,2,CC,10/11/22,10/12/22,"NM, JP",H,1.5,2.7,17,0.1,G,Y,,,,,
Salt 2,AVGE,STEER Basin,AVGE E1-48,"K.O,A.J.H",10/26/22,G,2.8,CC,10/11/22,10/12/22,"NM, JP",N,2.18,2.7,20,0.1,G,N,,,,,
Salt 2,AVGE,Vessup Salt Pond,AVGE E1-49,"K.O,A.J.H",10/26/22,G,2.4,CC,10/11/22,10/12/22,"NM, JP",N,1.26,2.3,15,0.5,G,N,,,,,
Salt 1,AVGE,Vessup Salt Pond,AVGE E1-5,AND,10/23/22,W,2.4,CC,10/11/22,10/12/22,DB & KP,H,1.31,2.4,19,1,G,Y,,,,,
Salt 2,AVGE,STEER Basin,AVGE E1-50,KH,10/20/22,W,0.1,CC,10/11/22,10/12/22,"NM, JP",N,3.39,3.1,24,NA,G,N,,,,,
Salt 2,AVGE,Compass Point,AVGE E1-51,"MTG, AH",10/24/22,G,2.7,CC,10/11/22,10/12/22,"NM, JP",N,2.05,2.8,18,0.1,G,N,,,,,
Salt 2,AVGE,STEER Basin,AVGE E1-52,"MG, AJH",10/21/22,G,3.2,CC,10/11/22,10/12/22,"NM, JP",N,1.49,2.6,17,0.3,G,N,,,,,
Salt 2,AVGE,Compass Point,AVGE E1-53,AND,10/23/22,W,2.3,CC,10/11/22,10/12/22,"NM, JP",H,1.64,2.5,18,0.4,G,Y,,,,,
Salt 2,AVGE,Compass Point,AVGE E1-54,KH,10/27/22,W,0.2,CC,10/11/22,10/12/22,"NM, JP",N,1.82,2.4,19,0.1,G,N,,,,,
Salt 2,AVGE,Vessup Salt Pond,AVGE E1-55,NA,10/30/22,G,1.8,CC,10/11/22,10/12/22,"NM, JP",N,0.93,2,14,0.6,G,N,,,,,
Salt 2,AVGE,Vessup Salt Pond,AVGE E1-56,AJH,10/30/22,G,2.4,CC,10/11/22,10/12/22,"NM, JP",N,0.93,2.4,14,0.7,G,N,,,,,
Salt 2,AVGE,Compass Point,AVGE E1-57,"K.O,A.J.H",10/26/22,G,2.6,CC,10/11/22,10/12/22,"NM, JP",N,1.63,2.6,17,0.2,G,Y,,,,,
Salt 2,AVGE,Vessup Salt Pond,AVGE E1-58,AJH,10/30/22,G,3.1,CC,10/11/22,10/12/22,"NM, JP",N,1.26,2.4,16,0.2,G,Y,,,,,
Salt 2,AVGE,Vessup Salt Pond,AVGE E1-59,"LU, AJH, ZDB, AB",10/18/22,G,2.5,CC,10/11/22,10/12/22,"NM, JP",N,1.66,2.5,19,0.4,G,Y,,,,,
Salt 1,AVGE,STEER Basin,AVGE E1-6,AND,10/22/22,B,3.2,CC,10/11/22,10/12/22,DB & KP,H,2.29,2.7,22,0.2,G,Y,,,,,
Salt 2,AVGE,STEER Basin,AVGE E1-60,"AND, LE",10/16/22,B,1.3,CC,10/11/22,10/12/22,"NM, JP",N,1.26,2.1,17,0.3,G,N,,,,,
Salt 3,AVGE,STEER Basin,AVGE E1-61,AND,10/27/22,B,2.7,CC,10/11/22,10/12/22,"SS,KR,KD",N,2.32,2.6,20,NA,G,N,,,,,
Salt 3,AVGE,STEER Basin,AVGE E1-62,"TNT, ZB",10/17/22,G,3.6,CC,10/11/22,10/12/22,"SS,KR,KD",N,2.42,2.9,19,0.03,G,Y,,,,,
Salt 3,AVGE,Vessup Salt Pond,AVGE E1-63,"K.O, A.J.H",10/26/22,G,1.8,CC,10/11/22,10/12/22,"SS,KR,KD",H,1.18,2,16,0.1,G,Y,,,,,
Salt 3,AVGE,STEER Basin,AVGE E1-64,"AND, LE",10/22/22,B,3.6,CC,10/11/22,10/12/22,"SS,KR,KD",H,2.41,2.4,19,0.1,G,N,,,,,
Salt 3,AVGE,Vessup Salt Pond,AVGE E1-65,"MG,AJH",10/21/22,G,1.9,CC,10/11/22,10/12/22,"SS,KR,KD",H,1.52,2.2,17,0.1,G,Y,,,,,
Salt 3,AVGE,STEER Basin,AVGE E1-66,"AJH, ZDB",10/25/22,G,2.2,CC,10/11/22,10/12/22,"SS,KR,KD",N,1.22,2.5,15,0.1,G,Y,,,,,
Salt 3,AVGE,Compass Point,AVGE E1-67,AND,10/22/22,W,2.2,CC,10/11/22,10/12/22,"SS,KR,KD",H,1.76,2.2,17,0.1,G,N,,,,,
Salt 3,AVGE,Vessup Salt Pond,AVGE E1-68,"MG, AJH",10/21/22,G,2.8,CC,10/11/22,10/12/22,"SS,KR,KD",N,1.55,2.3,16,0.3,G,Y,,,,,
Salt 3,AVGE,Compass Point,AVGE E1-69,"MTG, AH",10/24/22,G,2.4,CC,10/11/22,10/12/22,"SS,KR,KD",N,1.9,2.5,17,NA,G,Y,,,,,
Salt 1,AVGE,Vessup Salt Pond,AVGE E1-7,"MG, AJH",10/21/22,G,1.7,CC,10/11/22,10/12/22,DB & KP,N,1.55,2.9,19,0.5,G,Y,,,,,
Salt 3,AVGE,Vessup Salt Pond,AVGE E1-70,"K.O, A.J.H",10/26/22,G,2,CC,10/11/22,10/12/22,"SS,KR,KD",H,0.93,1.7,15,0.2,G,Y,,,,,
Salt 3,AVGE,STEER Basin,AVGE E1-71,AND,10/22/22,W,3,CC,10/11/22,10/12/22,"SS,KR,KD",N,2.55,2.7,20,0.1,G,N,,,,,
Salt 3,AVGE,Compass Point,AVGE E1-72,"AJH, ZDB",10/25/22,G,2.7,CC,10/11/22,10/12/22,"SS,KR,KD",H,1.7,2.4,16,NA,G,N,,,,,
Salt 3,AVGE,Vessup Salt Pond,AVGE E1-73,"AND, LE",10/22/22,W,2.5,CC,10/11/22,10/12/22,"SS,KR,KD",H,1.78,2.3,16,0.4,G,Y,,,,,
Salt 3,AVGE,Compass Point,AVGE E1-74,AB,11/1/22,G,1.6,CC,10/11/22,10/12/22,"SS,KR,KD",N,0.86,1.9,13,0.1,G,N,,,,,
Salt 3,AVGE,STEER Basin,AVGE E1-75,"MG, AJH",10/21/22,G,2.4,CC,10/11/22,10/12/22,"SS,KR,KD",N,2.61,2.6,20,0.1,G,Y,,,,,
Salt 3,AVGE,Vessup Salt Pond,AVGE E1-76,"MG, AJH",10/21/22,G,2.5,CC,10/11/22,10/12/22,"KD,JS",H,2,2.5,21,0.8,G,N,,,,,
Salt 3,AVGE,Vessup Salt Pond,AVGE E1-77,AND,10/22/22,W,3.3,CC,10/11/22,10/12/22,"KD,JS",H,2.18,2.6,21,0.5,G,Y,,,,,
Salt 3,AVGE,STEER Basin,AVGE E1-78,"MG, AJH",10/21/22,G,3.3,CC,10/11/22,10/12/22,"KD,JS",H,3.2,3.1,23,0.2,G,N,,,,,
Salt 3,AVGE,STEER Basin,AVGE E1-79,"MG, AJH",10/21/22,G,2.8,CC,10/11/22,10/12/22,"KD,JS",H,2.22,2.6,20,0.1,G,Y,,,,,
Salt 1,AVGE,Vessup Salt Pond,AVGE E1-8,"AJH, ZDB",10/25/22,G,3,CC,10/11/22,10/12/22,DB & KP,H,1.55,2.3,19,0.6,G,Y,,,,,
Salt 3,AVGE,STEER Basin,AVGE E1-80,"MTG, AH",10/24/22,G,2.9,CC,10/11/22,10/12/22,"KD,JS",H,1.62,2.8,18,0.2,G,N,,,,,
Salt 3,AVGE,Compass Point,AVGE E1-81,"K.O, A.J.H",10/26/22,G,2,CC,10/11/22,10/12/22,"SS, KR",H,1.11,2.1,15,0.2,G,Y,,,,,
Salt 3,AVGE,Compass Point,AVGE E1-82,KH,10/27/22,W,<0.1,CC,10/11/22,10/12/22,"SS, KR",H,1.37,2.1,15,0.1,G,Y,,,,,
Salt 3,AVGE,Vessup Salt Pond,AVGE E1-83,"AJH, ZDB",10/25/22,G,2.6,CC,10/11/22,10/12/22,"SS, KR",H,1,2.1,14,0.1,G,N,,,,,
Salt 3,AVGE,Compass Point,AVGE E1-84,AND,10/22/22,W,2.3,CC,10/11/22,10/12/22,"SS, KR",H,1.74,2.3,19,0.3,G,N,,,,,
Salt 3,AVGE,Compass Point,AVGE E1-85,"K.O, A.J.H",10/26/22,G,2,CC,10/11/22,10/12/22,"SS, KR",H,1.3,2.2,15,0.2,G,N,,,,,
Salt 3,AVGE,Vessup Salt Pond,AVGE E1-86,"MTG, AH",10/24/22,G,2.6,CC,10/11/22,10/12/22,"SS, KR",H,1.33,2.3,15,0.3,G,N,,,,,
Salt 3,AVGE,Vessup Salt Pond,AVGE E1-87,KH,10/27/22,W,0.2,CC,10/11/22,10/12/22,"SS, KR",N,0.97,1.9,14,0.4,G,N,,,,,
Salt 3,AVGE,Compass Point,AVGE E1-88,"MTG, AH",10/24/22,G,2.1,CC,10/11/22,10/12/22,"SS, KR",N,1.65,2.4,17,0.2,G,N,,,,,
Salt 3,AVGE,Compass Point,AVGE E1-89,"K.O, A.J.H",10/26/22,G,2.5,CC,10/11/22,10/12/22,"SS, KR",H,1.76,2.5,19,0.1,G,N,,,,,
Salt 1,AVGE,Vessup Salt Pond,AVGE E1-9,"K.O, A.J.H",10/28/22,G,2,CC,10/11/22,10/12/22,DB & KP,N,1.04,2.1,15,0.2,G,Y,,,,,
Salt 3,AVGE,STEER Basin,AVGE E1-90,"AND, LE",10/22/22,W,2.7,CC,10/11/22,10/12/22,"SS, KR",N,2.05,2.5,17,0.2,G,N,,,,,
Fresh 1,AVGE,Vessup Salt Pond,AVGE E1-91,"LU, AJH, ZZB, AB",10/18/22,G,2,CC,10/11/22,10/12/22,"KWG, AND",N,0.87,2,14,NA,G,Y,,,,,
Fresh 1,AVGE,Vessup Salt Pond,AVGE E1-92,KH,10/20/22,W,0.3,CC,10/11/22,10/12/22,"KWG, AND",H,0.89,1.9,15,NA,G,Y,,,,,
Fresh 1,AVGE,STEER Basin,AVGE E1-93,"ZBD, AJH",10/19/22,G,2.4,CC,10/11/22,10/12/22,"KWG, AND",H,1.24,2.1,17,NA,G,Y,,,,,
Fresh 1,AVGE,STEER Basin,AVGE E1-94,"MTG, AH, LU, ZDB",10/17/22,G,2.4,CC,10/11/22,10/12/22,"KWG, AND",N,2.32,2.9,20,NA,G,Y,,,,,
Fresh 1,AVGE,Compass Point,AVGE E1-95,"MTG, AH",10/17/22,G,1.8,CC,10/11/22,10/12/22,"KWG, AND",H,0.67,1.6,11,NA,G,N,,,,,
Fresh 1,AVGE,STEER Basin,AVGE E1-96,KH,10/20/22,W,0.2,CC,10/11/22,10/12/22,"KWG, AND",N,0.91,1.8,15,NA,G,N,,,,,
Fresh 1,AVGE,Compass Point,AVGE E1-97,KH,10/20/22,W,0.6,CC,10/11/22,10/12/22,"KWG, AND",N,1.26,2.1,17,NA,G,N,,,,,
Fresh 1,AVGE,STEER Basin,AVGE E1-98,"LU, AJH, ZBB",10/18/22,G,2,CC,10/11/22,10/12/22,"KWG, AND",N,1.66,2.2,18,0.2,G,Y,,,,,
Fresh 1,AVGE,Compass Point,AVGE E1-99,"ZBD, AJH",10/19/22,G,2.2,CC,10/11/22,10/12/22,"KWG, AND",N,1,2.1,15,NA,G,N,,,,,
Salt 1,LARA,Vessup Salt Pond,LARA E1-1,KH,10/13/22,G,<0.1,CC,10/11/22,10/12/22,DB & KP,H,0.4,2,10,0,G,Y,,,Door is open but can't see sprout ,,
Salt 1,LARA,STEER Basin,LARA E1-10,KO,NA,NA,NA,NA,10/11/22,10/12/22,DB & KP,N,0.53,2.4,13,0,G,Y,11/9/22,experiment end,"END OF EXPERIMENT, NOT SPROUTED",,
Fresh 1,LARA,STEER Basin,LARA E1-100,AD,10/15/22,G,0.2,CC,10/11/22,10/12/22,"KWG, AND",H,0.43,2,12,NA,G,Y,,,,,
Fresh 1,LARA,Vessup Salt Pond,LARA E1-101,"MG, AJH",10/21/22,G,0.2,CC,10/13/22,10/13/22,AND,H,0.64,2.4,12,NA,G,Y,,,,,
Fresh 1,LARA,Compass Point,LARA E1-102,AND,10/13/22,G,>0.1,CC,10/11/22,10/12/22,"KWG, AND",H,0.79,2.4,12,NA,G,Y,,,"Door open, but no sprout",,
Fresh 1,LARA,STEER Basin,LARA E1-103,"MG, AJH",10/21/22,G,<0.1,CC,10/11/22,10/12/22,"KWG, AND",N,0.54,2.2,11,NA,G,Y,,,,,
Fresh 1,LARA,Compass Point,LARA E1-104,"AND, LE",10/22/22,G,<0.1,CC,10/11/22,10/12/22,"KWG, AND",N,0.39,1.9,10,NA,G,Y,,,,,
Fresh 1,LARA,Vessup Salt Pond,LARA E1-105,"MG, AJH",10/21/22,G,<0.1,CC,10/13/22,10/13/22,AND,H,0.64,2.1,12,NA,G,Y,,,,,
Fresh 1,LARA,STEER Basin,LARA E1-106,AND,10/13/22,G,<0.1,CC,10/11/22,10/12/22,"KWG, AND",H,0.38,1.8,10,NA,G,Y,,,"Door open, but no sprout",,
Fresh 1,LARA,STEER Basin,LARA E1-107,"MTG, AND",10/14/22,G,<0.1,CC,10/11/22,10/12/22,"KWG, AND",H,0.47,2,11,NA,G,Y,,,,,
Fresh 1,LARA,Vessup Salt Pond,LARA E1-108,AND,10/13/22,G,0.1,CC,10/11/22,10/12/22,"KWG, AND",N,0.48,2,11,NA,G,Y,,,,,
Fresh 1,LARA,Compass Point,LARA E1-109,"MTG, AND",10/14/22,G,0.1,CC,10/11/22,10/12/22,"KWG, AND",H,0.79,2.4,12,NA,G,Y,,,,,
Salt 1,LARA,STEER Basin,LARA E1-11,"AND, LE",10/16/22,G,<0.1,CC,10/11/22,10/12/22,DB & KP,H,0.53,2.2,13,0,G,Y,,,,,
Fresh 1,LARA,STEER Basin,LARA E1-110,"MTG, AND",10/14/22,G,<0.1,CC,10/11/22,10/12/22,"KWG, AND",H,0.41,1.8,11,NA,G,Y,,,,,
Fresh 1,LARA,Compass Point,LARA E1-111,"MTG, AND",10/14/22,G,0.3,CC,10/11/22,10/12/22,"KWG, AND",H,0.71,2.6,10,NA,G,N,,,,,
Fresh 1,LARA,Compass Point,LARA E1-112,AND,10/13/22,G,0.3,CC,10/11/22,10/12/22,"KWG, AND",N,0.67,2.3,11,NA,G,Y,,,,,
Fresh 1,LARA,Vessup Salt Pond,LARA E1-113,"MTG, AH",10/17/22,G,<0.1,CC,10/11/22,10/12/22,"KWG, AND",N,0.55,2.5,10,NA,G,Y,,,,,
Fresh 1,LARA,Compass Point,LARA E1-114,"MTG, AND",10/14/22,G,0.4,CC,10/11/22,10/12/22,"KWG, AND",N,0.79,2.5,12,NA,G,Y,,,,,
Fresh 1,LARA,STEER Basin,LARA E1-115,AND,10/13/22,G,0.1,CC,10/11/22,10/12/22,"KWG, AND",H,0.39,1.7,10,NA,G,Y,,,,,
Fresh 1,LARA,Vessup Salt Pond,LARA E1-116,"ZBD, AJH",10/19/22,G,<0.1,CC,10/13/22,10/13/22,AND,H,0.65,2.7,12,NA,G,Y,,,,,
Fresh 1,LARA,Compass Point,LARA E1-117,AND,10/13/22,G,<0.1,CC,10/11/22,10/12/22,"KWG, AND",N,0.66,2.1,10,NA,G,Y,,,,,
Fresh 1,LARA,Compass Point,LARA E1-118,"MTG, AH",10/17/22,G,<0.1,CC,10/11/22,10/12/22,"KWG, AND",N,0.55,2.2,13,NA,G,Y,,,,,
Fresh 1,LARA,Vessup Salt Pond,LARA E1-119,AND,10/13/22,G,<0.1,CC,10/11/22,10/12/22,"KWG, AND",N,0.59,2.5,11,NA,GY,Y,,,,,
Salt 1,LARA,Vessup Salt Pond,LARA E1-12,AD,10/15/22,G,<0.1,CC,10/11/22,10/12/22,DB & KP,N,0.54,2.2,13,0,G,Y,,,,,
Fresh 1,LARA,Vessup Salt Pond,LARA E1-120,"MTG, AND",10/14/22,G,>0.1,CC,10/13/22,10/13/22,AND,N,0.71,2.1,1,NA,G,Y,,,,,
Fresh 2,LARA,STEER Basin,LARA E1-121,AND,10/13/22,G,<0.1,CC,10/11/22,10/12/22,AC/SM,H,0.48,2,10,NA,G,Y,,,,,
Fresh 2,LARA,Vessup Salt Pond,LARA E1-122,AND,10/13/22,G,0.3,CC,10/11/22,10/12/22,AC/SM,H,0.86,2.5,10,NA,G,Y,,,,,
Fresh 2,LARA,STEER Basin,LARA E1-123,"MTG, AND",10/14/22,G,0.2,CC,10/11/22,10/12/22,AC/SM,H,0.6,2.2,11,NA,G,Y,,,,,
Fresh 2,LARA,STEER Basin,LARA E1-124,AND,10/13/22,G,0.1,CC,10/11/22,10/12/22,AC/SM,H,0.52,2.1,11,NA,G,Y,,,,,
Fresh 2,LARA,Vessup Salt Pond,LARA E1-125,AND,10/13/22,G,0.1,CC,10/11/22,10/12/22,AC/SM,H,0.68,2.1,10,NA,G,Y,,,,,
Fresh 2,LARA,STEER Basin,LARA E1-126,"MTG, AND",10/14/22,G,>0.1,CC,10/11/22,10/12/22,AC/SM,H,0.56,2,11,NA,G,Y,,,,,
Fresh 2,LARA,Vessup Salt Pond,LARA E1-127,AND,10/13/22,G,0.2,CC,10/11/22,10/12/22,AC/SM,H,0.48,2.2,10,NA,G,Y,,,,,
Fresh 2,LARA,Compass Point,LARA E1-128,"MTG, AH ",NA,NA,NA,NA,10/11/22,10/12/22,AC/SM,N,0.64,2.5,11,NA,G,Y,10/11/22,UKN,REMOVED but date not noted,,
Fresh 2,LARA,Compass Point,LARA E1-129,AND,10/13/22,G,<0.1,CC,10/11/22,10/12/22,AC/SM,N,0.66,2.2,12,NA,G,Y,,,,,
Salt 1,LARA,Vessup Salt Pond,LARA E1-13,AD,10/15/22,G,<0.1,CC,10/11/22,10/12/22,DB & KP,N,0.57,2.5,12,0,G,Y,,,,,
Fresh 2,LARA,Vessup Salt Pond,LARA E1-130,AND,10/13/22,G,0.3,CC,10/11/22,10/12/22,AC/SM,N,0.67,2.4,0.9,NA,G,Y,,,,,
Fresh 2,LARA,Vessup Salt Pond,LARA E1-131,"MTG, AND",10/14/22,G,0.2,CC,10/11/22,10/12/22,AC/SM,N,0.46,2.1,0.8,NA,G,Y,,,,,
Fresh 2,LARA,Vessup Salt Pond,LARA E1-132,"MTG, AND",10/14/22,G,>0.1,CC,10/11/22,10/12/22,AC/SM,N,0.32,1.7,7,NA,G,Y,,,,,
Fresh 2,LARA,STEER Basin,LARA E1-133,AND,10/13/22,G,0.1,CC,10/11/22,10/12/22,AC/SM,N,0.5,1.2,9,NA,G,Y,,,,,
Fresh 2,LARA,Compass Point,LARA E1-134,"MTG, AND",10/14/22,G,>0.1,CC,10/11/22,10/12/22,AC/SM,P,0.85,2.6,10,NA,G,Y,,,,,
Fresh 2,LARA,STEER Basin,LARA E1-135,"MTG, AND",10/14/22,G,0.2,CC,10/11/22,10/12/22,AC/SM,N,0.59,2.2,8,NA,G,Y,,,,,
Fresh 2,LARA,Compass Point,LARA E1-136,AND,10/13/22,G,<0.1,CC,10/11/22,10/12/22,AC/SM,N,0.71,2.2,9,NA,G,Y,,,,,
Fresh 2,LARA,STEER Basin,LARA E1-137,AND,10/13/22,G,<0.1,CC,10/11/22,10/12/22,AC/SM,N,0.47,1.8,7,NA,G,Y,,,,,
Fresh 2,LARA,Compass Point,LARA E1-138,AND,10/13/22,G,0.1,CC,10/11/22,10/12/22,AC/SM,N,0.77,2.5,10,NA,G,Y,,,,,
Fresh 2,LARA,Vessup Salt Pond,LARA E1-139,"MTG, AND",10/14/22,G,0.3,CC,10/11/22,10/12/22,AC/SM,N,0.68,2,11,NA,G,Y,,,,,
Salt 1,LARA,Vessup Salt Pond,LARA E1-14,"MTG, AND",10/14/22,G,>0.1,CC,10/11/22,10/12/22,DB & KP,H,0.5,2.3,12,0,G,Y,,,,,
Fresh 2,LARA,STEER Basin,LARA E1-140,"MTG, AND",10/14/22,G,>0.1,CC,10/11/22,10/12/22,AC/SM,N,0.4,1.9,9,NA,G,Y,,,,,
Fresh 2,LARA,Vessup Salt Pond,LARA E1-141,AND,10/13/22,G,0.1,CC,10/11/22,10/12/22,AC/SM,N,0.66,2.4,9,NA,G,Y,,,,,
Fresh 2,LARA,STEER Basin,LARA E1-142,AND,10/13/22,G,0.1,CC,10/11/22,10/12/22,AC/SM,H,0.48,1.9,10,NA,G,Y,,,,,
Fresh 2,LARA,Compass Point,LARA E1-143,AD,10/15/22,G,<0.1,CC,10/11/22,10/12/22,AC/SM,N,0.46,2.1,9,NA,G,Y,,,,,
Fresh 2,LARA,STEER Basin,LARA E1-144,AND,10/13/22,G,<0.1,CC,10/11/22,10/12/22,AC/SM,H,0.39,1.8,8,NA,G,Y,,,,,
Fresh 2,LARA,Vessup Salt Pond,LARA E1-145,AND,10/13/22,G,<0.1,CC,10/11/22,10/12/22,AC/SM,P,0.55,2.1,10,NA,G,Y,,,,,
Fresh 2,LARA,Compass Point,LARA E1-146,AND,10/13/22,G,0.1,CC,10/11/22,10/12/22,AC/SM,N,0.72,2.5,7,NA,G,Y,,,,,
Fresh 2,LARA,Compass Point,LARA E1-147,"MTG, AND",10/14/22,G,0.1,CC,10/11/22,10/12/22,AC/SM,N,0.66,2.2,10,NA,G,Y,,,,,
Fresh 2,LARA,Compass Point,LARA E1-148,AD,10/15/22,G,1.7,CC,10/11/22,10/12/22,AC/SM,H,0.3,1.9,10,NA,G,Y,,,,,
Fresh 2,LARA,Compass Point,LARA E1-149,AD,10/15/22,G,0.2,CC,10/11/22,10/12/22,AC/SM,N,0.79,2.7,10,NA,G,Y,,,,,
Salt 1,LARA,STEER Basin,LARA E1-15,"MTG, AH, LU, ZDB",10/17/22,G,<0.1,CC,10/11/22,10/12/22,DB & KP,N,0.52,2.2,12,0,G,Y,,,,,
Fresh 2,LARA,Vessup Salt Pond,LARA E1-150,AND,10/13/22,G,<0.1,CC,10/11/22,10/12/22,AC/SM,N,0.58,2.1,9,NA,G,Y,,,,,
Fresh 3,LARA,STEER Basin,LARA E1-151,KH,10/20/22,G,<0.1,CC,10/11/22,10/12/22,"KWG, AND",H,0.3,1.9,9,NA,G,Y,,,,,
Fresh 3,LARA,Vessup Salt Pond,LARA E1-152,"MTG, AH ",NA,NA,NA,NA,10/13/22,10/13/22,AND,H,0.26,1.8,10,NA,G,Y,10/24/22,lost,Tag but no Prop,,
Fresh 3,LARA,Compass Point,LARA E1-153,"MTG, AND",10/14/22,G,<0.1,CC,10/11/22,10/12/22,"KWG, AND",H,0.6,2.2,10,NA,G,Y,,,,,
Fresh 3,LARA,Compass Point,LARA E1-154,AND,10/13/22,G,<0.1,CC,10/11/22,10/12/22,"KWG, AND",G,1.11,3,13,NA,G,Y,,,DOOR OPEN BUT NO SPROUT,,
Fresh 3,LARA,Vessup Salt Pond,LARA E1-155,"MTG, AND",10/14/22,G,0.1,CC,10/11/22,10/12/22,"KWG, AND",H,0.53,2.2,11,NA,G,Y,,,,,
Fresh 3,LARA,STEER Basin,LARA E1-156,AND,10/13/22,G,<0.1,CC,10/11/22,10/12/22,"KWG, AND",H,0.39,1.8,9,NA,G,Y,,,,,
Fresh 3,LARA,Compass Point,LARA E1-157,"MTG, AND",10/14/22,G,<0.1,CC,10/11/22,10/12/22,"KWG, AND",H,0.47,2.3,12,NA,G,Y,,,,,
Fresh 3,LARA,Compass Point,LARA E1-158,"MTG, AND",10/14/22,G,0.1,CC,10/11/22,10/12/22,"KWG, AND",H,0.65,2.6,11,NA,G,Y,,,,,
Fresh 3,LARA,Vessup Salt Pond,LARA E1-159,"MTG, AH",10/17/22,G,<0.1,CC,10/13/22,10/13/22,AND,H,0.37,1.7,0.9,NA,G,Y,,,,,
Salt 1,LARA,Compass Point,LARA E1-16,"AND, AR",10/31/22,G,<0.1,CC,10/11/22,10/12/22,DB & KP,N,0.52,2.2,12,0,G,Y,,,,,
Fresh 3,LARA,Compass Point,LARA E1-160,AND,10/13/22,G,0.1,CC,10/11/22,10/12/22,"KWG, AND",N,0.74,2.3,11,NA,G,Y,,,,,
Fresh 3,LARA,Vessup Salt Pond,LARA E1-161,KO,NA,NA,NA,NA,10/13/22,10/13/22,AND,H,0.18,1.5,8,NA,G,,11/9/22,dead,dead; seed began to deterioate,,
Fresh 3,LARA,STEER Basin,LARA E1-162,AND,10/13/22,G,0.3,CC,10/11/22,10/12/22,"KWG, AND",N,0.45,1.9,10,NA,G,Y,,,,,
Fresh 3,LARA,STEER Basin,LARA E1-163,"MTG, AND",10/14/22,G,>0.1,CC,10/11/22,10/12/22,"KWG, AND",N,0.64,2.1,12,NA,G,Y,,,,,
Fresh 3,LARA,Vessup Salt Pond,LARA E1-164,"MTG, AH ",NA,NA,NA,NA,10/13/22,10/13/22,AND,N,0.19,1.8,8,NA,G,Y,10/24/22,lost,Tag but no Prop,,
Fresh 3,LARA,Vessup Salt Pond,LARA E1-165,"MTG, AND",10/14/22,G,>0.1,CC,10/13/22,10/13/22,AND,N,0.75,2.3,11,NA,G,Y,,,,,
Fresh 3,LARA,Compass Point,LARA E1-166,AND,10/13/22,G,0.1,CC,10/11/22,10/12/22,"KWG, AND",H,0.58,2.2,13,NA,G,Y,,,,,
Fresh 3,LARA,Vessup Salt Pond,LARA E1-167,KH,10/13/22,G,<0.1,CC,10/11/22,10/12/22,"KWG, AND",N,0.43,2.1,11,NA,G,Y,,,"DOOR OPEN, NO RADICAL",,
Fresh 3,LARA,Vessup Salt Pond,LARA E1-168,KH,10/13/22,G,0.1,CC,10/11/22,10/12/22,"KWG, AND",N,0.72,2.4,12,NA,G,Y,,,,,
Fresh 3,LARA,Compass Point,LARA E1-169,KH,10/13/22,G,<0.1,CC,10/11/22,10/12/22,"KWG, AND",H,0.82,2.5,13,NA,G,Y,,,,,
Salt 1,LARA,Vessup Salt Pond,LARA E1-17,"MTG, AND",10/14/22,G,0.2,CC,10/11/22,10/12/22,DB & KP,N,0.87,2.5,13,0,G,Y,,,,,
Fresh 3,LARA,Compass Point,LARA E1-170,KH,10/13/22,G,<0.1,CC,10/11/22,10/12/22,"KWG, AND",N,0.42,2.1,10,NA,G,Y,,,,,
Fresh 3,LARA,Vessup Salt Pond,LARA E1-171,"AND, LE",10/16/22,G,0.2,CC,10/11/22,10/12/22,"KWG, AND",N,0.65,2.2,10,NA,G,Y,,,,,
Fresh 3,LARA,Vessup Salt Pond,LARA E1-172,"AND, LE",10/22/22,G,>0.1,CC,10/13/22,10/13/22,AND,H,0.42,2.4,0.9,NA,G,Y,,,,,
Fresh 3,LARA,Compass Point,LARA E1-173,"MTG, AH",10/17/22,G,<0.1,CC,10/11/22,10/12/22,"KWG, AND",N,0.49,2,11,NA,G,Y,,,,,
Fresh 3,LARA,STEER Basin,LARA E1-174,"MTG, AND",10/14/22,G,0.1,CC,10/11/22,10/12/22,"KWG, AND",N,0.59,2.2,12,NA,G,Y,,,,,
Fresh 3,LARA,STEER Basin,LARA E1-175,"MTG, AND",10/14/22,G,0.1,CC,10/11/22,10/12/22,"KWG, AND",N,0.5,2.1,11,NA,G,Y,,,,,
Fresh 3,LARA,STEER Basin,LARA E1-176,"AND, LE",10/16/22,G,0.2,CC,10/11/22,10/12/22,"KWG, AND",H,0.45,1.8,11,NA,G,Y,,,,,
Fresh 3,LARA,STEER Basin,LARA E1-177,KH,10/13/22,B,<0.1,CC,10/11/22,10/12/22,"KWG, AND",H,0.51,2.1,11,NA,G,Y,,,,,
Fresh 3,LARA,Compass Point,LARA E1-178,"LU, AJH, ZZB, AB",10/18/22,G,<0.1,CC,10/11/22,10/12/22,"KWG, AND",H,0.53,2.2,13,NA,G,Y,,,,,
Fresh 3,LARA,STEER Basin,LARA E1-179,KH,10/13/22,G,0.2,CC,10/11/22,10/12/22,"KWG, AND",N,0.51,2.1,11,NA,G,Y,,,,,
Salt 1,LARA,Vessup Salt Pond,LARA E1-18,KH,10/13/22,G,<0.1,CC,10/11/22,10/12/22,DB & KP,G,0.32,1.12,9,0,G,Y,,,,,
Fresh 3,LARA,STEER Basin,LARA E1-180,KH,10/13/22,G,<0.1,CC,10/11/22,10/12/22,"KWG, AND",N,0.48,2.1,10,NA,G,Y,,,DOOR OPEN BUT NO SPROUT,,
Air 1,LARA,Vessup Salt Pond,LARA E1-181,"MG, AJH",10/21/22,G,<0.1,CC,10/11/22,10/12/22,"NM, JP",N,0.54,2.4,11,,B,Y,,,,,
Air 1,LARA,Vessup Salt Pond,LARA E1-182,"MTG, AND",10/14/22,G,<0.1,CC,10/13/22,10/13/22,AND,N,0.48,2.3,11,NA,G,Y,,,,,
Air 1,LARA,Compass Point,LARA E1-183,"K.O, A.J.H",NA,NA,NA,NA,10/11/22,10/12/22,"NM, JP",N,0.76,2.8,12,,G,Y,10/26/22,mold,Pulled because of mold,,
Air 1,LARA,Vessup Salt Pond,LARA E1-184,"K.O, A.J.H",NA,NA,NA,NA,10/11/22,10/12/22,"NM, JP",N,0.66,2.3,11,,G,Y,10/28/22,predation,"PULLED, PEST HOLE",,
Air 1,LARA,Compass Point,LARA E1-185,"K.O, A.J.H",NA,NA,NA,NA,10/11/22,10/12/22,"NM, JP",N,0.75,2.4,11,,G,Y,10/28/22,mold,"PULLED, MOLD",,
Air 1,LARA,STEER Basin,LARA E1-186,"KO,AJH",NA,NA,NA,NA,10/11/22,10/12/22,"NM, JP",H,0.46,2,11,,G,Y,11/9/22,experiment end,END OF EXPERIMENT DID NOT SPOUT,,
Air 1,LARA,Vessup Salt Pond,LARA E1-187,"K.O, A.J.H",NA,NA,NA,NA,10/13/22,10/13/22,AND,H,0.7,2.8,11,NA,G,Y,10/28/22,mold,Pulled because of mold,,
Air 1,LARA,STEER Basin,LARA E1-188,AND,10/13/22,G,<0.1,CC,10/11/22,10/12/22,"NM, JP",N,0.46,1.8,9,,G,Y,,,,,
Air 1,LARA,Vessup Salt Pond,LARA E1-189,"K.O, A.J.H",NA,NA,NA,NA,10/13/22,10/13/22,AND,H,0.39,2,11,NA,G,Y,,,,,
Salt 1,LARA,STEER Basin,LARA E1-19,"MTG, AND",10/14/22,G,>0.1,CC,10/11/22,10/12/22,DB & KP,H,0.41,1.9,11,0,G,Y,,,,,
Air 1,LARA,STEER Basin,LARA E1-190,"KO, AJH",NA,NA,NA,NA,10/11/22,10/12/22,"NM, JP",N,0.48,2,8,,G,Y,11/9/22,experiment end,END OF EXPERIMENT DIDN'T SPROUT,,
Air 1,LARA,Compass Point,LARA E1-191,"KO,AJH",NA,NA,NA,NA,10/11/22,10/12/22,"NM, JP",N,0.75,2.6,12,,G,Y,11/9/22,experiment end,END OF EXPERIMENT DID NOT SPOUT,,
Air 1,LARA,STEER Basin,LARA E1-192,"KO,AJH",NA,NA,NA,NA,10/11/22,10/12/22,"NM, JP",N,0.49,2.1,11,,G,Y,11/9/22,experiment end,Mold bserved 10/21/22. END OF EXPERIMENT DID NOT SPROUT (11/9TH/2022),,
Air 1,LARA,STEER Basin,LARA E1-193,AND,10/13/22,G,<0.1,CC,10/11/22,10/12/22,"NM, JP",H,0.41,1.9,9,,G,Y,,,,,
Air 1,LARA,STEER Basin,LARA E1-194,"KO, AJH",NA,NA,NA,NA,10/11/22,10/12/22,"NM, JP",N,0.61,2.2,13,,G,Y,11/2/22,dead,"pulled, dead",,
Air 1,LARA,STEER Basin,LARA E1-195,"KO,AJH",NA,NA,NA,NA,10/11/22,10/12/22,"NM, JP",N,0.52,2.2,11,,G,Y,11/9/22,experiment end,END OF EXPERIMENT DIDN'T SPROUNT,,
Air 1,LARA,Vessup Salt Pond,LARA E1-196,"K.O, A.J.H",NA,NA,NA,NA,10/13/22,10/13/22,AND,H,0.43,1.9,10,NA,G,Y,10/28/22,mold,"Sprouted, no extra pulled because of mold 10/28th/2022",,
Air 1,LARA,Compass Point,LARA E1-197,"KO,AJH",NA,NA,NA,NA,10/11/22,10/12/22,"NM, JP",N,0.61,2.4,11,,G,Y,11/9/22,experiment end,,,
Air 1,LARA,Compass Point,LARA E1-198,"KO,AJH",NA,NA,NA,NA,10/11/22,10/12/22,"NM, JP",N,0.55,2.3,13,,B,Y,11/9/22,experiment end,END OF EXPERIMENT DIDN'T SPROUNT,,
Air 1,LARA,STEER Basin,LARA E1-199,"MTG, AND",10/14/22,G,<0.1,CC,10/11/22,10/12/22,"NM, JP",N,0.38,2.1,9,,G,Y,,,,,
Salt 1,LARA,STEER Basin,LARA E1-2,"AND, LE",10/16/22,G,<0.1,CC,10/11/22,10/12/22,DB & KP,H,0.51,2.2,13,0,G,Y,,,,,
Salt 1,LARA,Compass Point,LARA E1-20,"AND, LE",10/16/22,G,<0.1,CC,10/11/22,10/12/22,DB & KP,H,0.8,2.6,12,0,Y,Y,,,,,
Air 1,LARA,Compass Point,LARA E1-200,"KO,AJH",NA,NA,NA,NA,10/11/22,10/12/22,"NM, JP",N,0.56,2.6,9,,G,Y,11/9/22,experiment end,END OF EXPERIENT DID NOT SPROUT,,
Air 1,LARA,Vessup Salt Pond,LARA E1-201,KO,NA,NA,NA,NA,10/11/22,10/12/22,"NM, JP",N,0.39,2.1,10,,G,Y,11/9/22,dead,dead,,
Air 1,LARA,Vessup Salt Pond,LARA E1-202,"KO, AJH",NA,NA,NA,NA,10/13/22,10/13/22,AND,H,0.25,1.8,9,NA,G,Y,11/2/22,dead,"found the tag but no seed on 29/10/2022, dead on 11/2/2022",,
Air 1,LARA,Compass Point,LARA E1-203,"KO,AJH",NA,NA,NA,NA,10/11/22,10/12/22,"NM, JP",N,0.61,2.2,13,,G,Y,11/9/22,experiment end,END OF EXPERIENT DID NOT SPROUT,,
Air 1,LARA,Vessup Salt Pond,LARA E1-204,AB,11/1/22,B,<0.1,CC,10/11/22,10/12/22,"NM, JP",N,0.58,2.4,11,,G,Y,,,,,
Air 1,LARA,Vessup Salt Pond,LARA E1-205,"KO,AJH",NA,NA,NA,NA,10/11/22,10/12/22,"NM, JP",N,0.52,2.2,11,,G,Y,11/9/22,experiment end,END OF EXPERIMENT DID NOT SPROUT,,
Air 1,LARA,Compass Point,LARA E1-206,"KO, AJH",NA,NA,NA,NA,10/11/22,10/12/22,"NM, JP",N,0.64,2.4,9,,G,Y,11/2/22,predation,PULLED DUE TO PEST HOLE,,
Air 1,LARA,Compass Point,LARA E1-207,KO,NA,NA,NA,NA,10/11/22,10/12/22,"NM, JP",N,0.49,2.1,12,,G,Y,11/9/22,mold,pulled due to mold,,
Air 1,LARA,STEER Basin,LARA E1-208,"MTG, AND",10/14/22,G,>0.1,CC,10/11/22,10/12/22,"NM, JP",H,0.43,1.9,11,,G,Y,,,,,
Air 1,LARA,STEER Basin,LARA E1-209,"K.O, A.J.H",NA,NA,NA,NA,10/11/22,10/12/22,"NM, JP",N,0.35,1.8,10,,G,Y,10/26/22,mold,Pulled because of mold,,
Salt 1,LARA,Vessup Salt Pond,LARA E1-21,"AND, LE",10/22/22,G,<0.1,CC,10/13/22,10/13/22,AND,H,0.58,2.7,11,NA,G,,,,,,
Air 1,LARA,Compass Point,LARA E1-210,"K.O, A.J.H",NA,NA,NA,NA,10/11/22,10/12/22,"NM, JP",N,0.91,2.5,12,,G,Y,10/26/22,mold,Pulled because of mold,,
Air 2,LARA,Compass Point,LARA E1-211,AJH,11/5/22,G,<0.1,CC,10/11/22,10/12/22,"JS,KD",N,0.65,3.2,10,NA,G,Y,,,,,
Air 2,LARA,STEER Basin,LARA E1-212,KO,NA,NA,NA,NA,10/11/22,10/12/22,"JS,KD",H,0.45,2,10,NA,G,Y,11/9/22,dead,dead & moldy,,
Air 2,LARA,STEER Basin,LARA E1-213,AJH,NA,NA,NA,NA,10/11/22,10/12/22,"JS,KD",H,0.49,2.1,9,NA,G,Y,11/5/22,lost,Tag but no sprout,,
Air 2,LARA,Compass Point,LARA E1-214,KO,NA,NA,NA,NA,10/11/22,10/12/22,"JS,KD",N,0.76,2.4,11,NA,G,Y,11/9/22,predation,small pest hole in the seed,,
Air 2,LARA,Vessup Salt Pond,LARA E1-215,"AND, AR",10/31/22,W,0.2,CC,10/11/22,10/12/22,"JS,KD",H,0.55,2.2,11,NA,G,Y,10/31/22,,,,
Air 2,LARA,Vessup Salt Pond,LARA E1-216,KO,NA,NA,NA,NA,10/11/22,10/12/22,"JS,KD",H,0.57,2.3,11,NA,G,Y,11/9/22,dead,DEAD,,
Air 2,LARA,Compass Point,LARA E1-217,"MTG, AH ",NA,NA,NA,NA,10/11/22,10/12/22,"JS,KD",H,0.58,2.3,9,NA,G,Y,10/24/22,lost,TAG BUT NO PROP,,
Air 2,LARA,Compass Point,LARA E1-218,"KO,AJH",NA,NA,NA,NA,10/11/22,10/12/22,"JS,KD",H,0.99,2.8,13,NA,G,Y,11/9/22,experiment end,END OF EXPERIMENT NOT SPROUTED,,
Air 2,LARA,STEER Basin,LARA E1-219,AND,10/13/22,G,<0.1,CC,10/11/22,10/12/22,"JS,KD",H,0.47,2,9,NA,G,Y,,,,,
Salt 1,LARA,Compass Point,LARA E1-22,AD,10/15/22,G,<0.1,CC,10/11/22,10/12/22,DB & KP,H,0.61,2.4,10,0,G,Y,,,,,
Air 2,LARA,STEER Basin,LARA E1-220,AND,10/13/22,G,<0.1,CC,10/11/22,10/12/22,"JS,KD",H,0.41,1.9,11,NA,G,Y,,,,,
Air 2,LARA,Vessup Salt Pond,LARA E1-221,AND,10/13/22,G,<0.1,CC,10/11/22,10/12/22,"JS,KD",N,0.67,2.2,12,NA,G,Y,,,,,
Air 2,LARA,STEER Basin,LARA E1-222,KO,NA,NA,NA,NA,10/11/22,10/12/22,"JS,KD",H,0.45,2,10,NA,G,Y,11/9/22,dead,dead ,,
Air 2,LARA,Vessup Salt Pond,LARA E1-223,KO,NA,NA,NA,NA,10/13/22,10/13/22,AND,H,0.65,2.4,12,NA,G,Y,11/9/22,dead,dead on 11/9th/2022.,,
Air 2,LARA,Vessup Salt Pond,LARA E1-224,KO,NA,NA,NA,NA,10/13/22,10/13/22,AND,H,0.57,2.5,10,NA,G,Y,10/29/22,dead,pulled on 10/29/2022 due to being dead,,
Air 2,LARA,STEER Basin,LARA E1-225,KO,NA,NA,NA,NA,10/11/22,10/12/22,"SS, KR",N,0.41,1.9,10,NA,G,Y,11/9/22,dead,Dead. Really thin and black.,,
Air 2,LARA,STEER Basin,LARA E1-226,AND,10/13/22,G,0.1,CC,10/11/22,10/12/22,"SS, KR",H,0.41,1.7,9,NA,G,Y,,,,,
Air 2,LARA,STEER Basin,LARA E1-227,KO,NA,NA,NA,NA,10/11/22,10/12/22,"SS, KR",N,0.41,1.9,11,NA,G,Y,11/9/22,dead,DEAD,,
Air 2,LARA,STEER Basin,LARA E1-228,"KO,AJH",NA,NA,NA,NA,10/11/22,10/12/22,"SS, KR",H,0.45,1.8,11,NA,G,Y,11/9/22,experiment end,"END OF EXPERIMENT, TAG BUT NO SEED",,
Air 2,LARA,Vessup Salt Pond,LARA E1-229,KO,NA,NA,NA,NA,10/13/22,10/13/22,"AND, KH",H,0.67,2.5,12,NA,G,Y,10/29/22,mold,Flipped tag upside down per Kristen instruction; pulled on 10/29/2022 because of mold,,
Salt 1,LARA,Compass Point,LARA E1-23,KH,10/13/22,G,<0.1,CC,10/11/22,10/12/22,DB & KP,H,0.74,2.6,12,0,Y,Y,,,,,
Air 2,LARA,Compass Point,LARA E1-230,"MTG, AH ",NA,NA,NA,NA,10/11/22,10/12/22,"SS, KR",N,0.61,2.4,11,NA,G,Y,10/24/22,dead,DEAD; found covered in mold on 29/10/2022,,possibly wrong seed
Air 2,LARA,Vessup Salt Pond,LARA E1-231,KO,NA,NA,NA,NA,10/11/22,10/12/22,"SS, KR",N,0.49,2.2,10,NA,G,Y,11/9/22,dead,DEAD,,
Air 2,LARA,Vessup Salt Pond,LARA E1-232,"KO,AJH",NA,NA,NA,NA,10/11/22,10/12/22,"SS, KR",N,0.6,2.2,11,NA,G,Y,11/2/22,mold,pulled because of mold,,
Air 2,LARA,Vessup Salt Pond,LARA E1-233,KO,NA,NA,NA,NA,10/13/22,10/13/22,"AND, KH",H,0.62,2.4,1.1,NA,G,Y,10/29/22,mold,found moldy on 10/29/2022,,
Air 2,LARA,Compass Point,LARA E1-234,"MTG, AH ",NA,NA,NA,NA,10/11/22,10/12/22,"SS, KR",H,0.52,2.3,12,NA,G,Y,11/8/22,UKN,found tag but no seed; 2 unidentified seeds were found at the base of the tray,,
Air 2,LARA,STEER Basin,LARA E1-235,"MTG, AH ",NA,NA,NA,NA,10/11/22,10/12/22,"SS, KR",H,0.4,1.8,10,NA,G,Y,11/8/22,UKN,REMOVED but date not noted,,
Air 2,LARA,Compass Point,LARA E1-236,"KO,AJH",NA,NA,NA,NA,10/11/22,10/12/22,"SS, KR",H,0.57,2,8,NA,G,Y,11/9/22,experiment end,END OF EXPERIMENT NOT SPROUTED,,
Air 2,LARA,Compass Point,LARA E1-237,"KO,AJH",NA,NA,NA,NA,10/11/22,10/12/22,"SS, KR",H,0.67,2.4,13,NA,G,Y,11/9/22,experiment end,END OF EXPERIMENT NOT SPROUTED,,
Air 2,LARA,Compass Point,LARA E1-238,"KO,AJH",NA,NA,NA,NA,10/11/22,10/12/22,"SS, KR",N,0.49,2,10,NA,G,Y,11/9/22,experiment end,"END OF EXPERIMENT, TAG BUT NO SEED",,
Air 2,LARA,Vessup Salt Pond,LARA E1-239,KO,NA,NA,NA,NA,10/13/22,10/13/22,"AND, KH",N,0.19,1.6,0.9,NA,G,Y,11/9/22,dead,Found dead & moldy on 11/9th/2022,,
Salt 1,LARA,Compass Point,LARA E1-24,"AND, LE",10/16/22,G,<0.1,CC,10/11/22,10/12/22,DB & KP,H,0.76,2.7,11,0,G,Y,,,,,
Air 2,LARA,Compass Point,LARA E1-240,"MTG, AND",10/14/22,G,>0.1,CC,10/11/22,10/12/22,"SS, KR",H,0.74,2.4,12,NA,G,Y,,,,,
Air 3,LARA,STEER Basin,LARA E1-241,"MTG, AH",10/17/22,G,<0.1,CC,10/11/22,10/12/22,"MM, CJ",H,0.44,2.5,10,0,light G,Y,,,,,
Air 3,LARA,Compass Point,LARA E1-242,KH,10/13/22,G,<0.1,CC,10/11/22,10/12/22,"MM, CJ",H,0.75,2.45,12,0,yellowish G,Y,,,,,
Air 3,LARA,STEER Basin,LARA E1-243,KH,10/13/22,G,<0.1,CC,10/11/22,10/12/22,"MM, CJ",H,0.5,1.9,12,0,yellowish G,Y,,,,,
Air 3,LARA,Compass Point,LARA E1-244,"AJH, ZDB",NA,NA,NA,NA,10/11/22,10/12/22,"MM, CJ",N,0.58,2.4,11,0,grayish G,Y,10/25/22,lost,TAG BUT NO PROP,,
Air 3,LARA,Compass Point,LARA E1-245,MTG,10/24/22,B,<0.1,CC,10/11/22,10/12/22,"MM, CJ",H,0.47,2.2,11,0,G,Y,,,,,
Air 3,LARA,Compass Point,LARA E1-246,"MTG, AND",10/14/22,G,<0.1,CC,10/11/22,10/12/22,"MM, CJ",H,0.65,2.4,12,0,yellowish G,Y,,,,,
Air 3,LARA,Vessup Salt Pond,LARA E1-247,KO,NA,NA,NA,NA,10/13/22,10/13/22,AND,H,0.61,2.5,11,NA,G,Y,10/29/22,dead,dead seed,,
Air 3,LARA,Vessup Salt Pond,LARA E1-248,"AJH, ZDB",NA,NA,NA,NA,10/11/22,10/12/22,"MM, CJ","N, P",0.39,2.1,11,0,brownish G,Y,10/25/22,lost,TAG BUT NO PROP,,
Air 3,LARA,Vessup Salt Pond,LARA E1-249,AND,10/23/22,B,<0.1,CC,10/11/22,10/12/22,"MM, CJ",H,0.52,2.4,11,0,brownish G,Y,,,,,
Salt 1,LARA,Vessup Salt Pond,LARA E1-25,KH,10/20/22,G,<0.1,CC,10/13/22,10/13/22,AND,H,0.53,2.5,12,NA,G,Y,,,,,
Air 3,LARA,STEER Basin,LARA E1-250,KO,NA,NA,NA,NA,10/11/22,10/12/22,"MM, CJ","N, G",0.53,2.4,11,0,light G,Y,10/29/22,dead,"PULLED, DEAD / MOLDY",,
Air 3,LARA,Compass Point,LARA E1-251,KO,NA,NA,NA,NA,10/11/22,10/12/22,"MM, CJ",H,0.68,2.9,12,0,light G,Y,10/29/22,dead,"PULLED, DEAD / MOLDY",,
Air 3,LARA,Compass Point,LARA E1-252,"K.O, A.J.H",NA,NA,NA,NA,10/11/22,10/12/22,"MM, CJ",P,0.57,2.2,10,0,light G,Y,10/28/22,mold,MOLD,,
Air 3,LARA,Vessup Salt Pond,LARA E1-253,KH,10/13/22,G,<0.1,CC,10/11/22,10/12/22,"MM, CJ",N,0.89,2.5,13,0,brownish light G,Y,,,possibly trying to sprout,,
Air 3,LARA,Compass Point,LARA E1-254,"AJH, ZDB",NA,NA,NA,NA,10/11/22,10/12/22,"MM, CJ","P, N",0.74,2.5,12,0,light G,Y,10/28/22,dead,THIS SEED WAS PULLED ON 10/28/2022 BECAUSE DEAD/MOLD,,
Air 3,LARA,Vessup Salt Pond,LARA E1-255,"KO, AJH",NA,NA,NA,NA,10/11/22,10/12/22,"MM, CJ",P,0.53,2.2,12,0,yellow G,Y,11/2/22,mold,PULLED DUE TO MOLD,,
Air 3,LARA,Compass Point,LARA E1-256,KH,10/20/22,G,<0.1,CC,10/11/22,10/12/22,"MM, CJ",H,0.75,2.4,12,0,G,Y,,,band of dark gray discoloration,,
Air 3,LARA,STEER Basin,LARA E1-257,KO,NA,NA,NA,NA,10/11/22,10/12/22,"MM, CJ",G,0.57,2.1,10,0,Gish brown,Y,10/21/22,dead,"Decleared dead 10/21/22 Consumed by mold -AH, MTG (REMOVED ON 10/29/2022 DUE TO MOLD)",,
Air 3,LARA,STEER Basin,LARA E1-258,KO,,NA,NA,NA,10/11/22,10/12/22,"MM, CJ",P,0.45,2,10,0,Gish brown,Y,11/9/22,dead,dead and moldy with weird wet & brown spot (like a brown boil),,
Air 3,LARA,STEER Basin,LARA E1-259,MTG,10/24/22,B,<0.1,CC,10/11/22,10/12/22,"MM, CJ",H,0.43,1.9,11,0,G ,Y,,,,,
Salt 1,LARA,Compass Point,LARA E1-26,"MTG, AND",10/14/22,G,>0.1,CC,10/11/22,10/12/22,DB & KP,H,0.79,2.5,11,0,G,Y,,,,,
Air 3,LARA,Vessup Salt Pond,LARA E1-260,KH,10/13/22,G,<0.1,CC,10/11/22,10/12/22,"MM, CJ","G, N",0.39,2,10,0,light G,Y,,,,,
Air 3,LARA,STEER Basin,LARA E1-261,KH,10/13/22,G,<0.1,CC,10/11/22,10/12/22,"MM, CJ",G,0.53,2,10,0,light G,Y,,,,,
Air 3,LARA,Vessup Salt Pond,LARA E1-262,"AND, LE",NA,NA,NA,NA,10/11/22,10/12/22,"MM, CJ",G,0.71,2.5,13,0,light G,Y,10/22/22,predation,"REMOVED, PEST HOLE",,
Air 3,LARA,STEER Basin,LARA E1-263,KO,NA,NA,NA,NA,10/11/22,10/12/22,"MM, CJ",H,0.53,2,11,0,brown G,Y,10/29/22,predation,"REMOVED, PEST HOLE",,
Air 3,LARA,Compass Point,LARA E1-264,KH,10/13/22,G,<0.1,CC,10/11/22,10/12/22,"MM, CJ",P,1.2,2.9,13,0,light G,Y,,,,,
Air 3,LARA,Vessup Salt Pond,LARA E1-265,"MTG, AH ",NA,NA,NA,NA,10/11/22,10/12/22,"MM, CJ",P,0.35,2,11,0,light G,Y,11/8/22,UKN,REMOVED but date not noted,,
Air 3,LARA,STEER Basin,LARA E1-266,"K.O, A.J.H",NA,NA,NA,NA,10/11/22,10/12/22,"MM, CJ",H,0.44,1.9,10,0,light G,Y,10/28/22,mold,MOLD,,
,,,,,,,,,,,,,,,,,,,,,,,
Air 3,LARA,Vessup Salt Pond,LARA E1-268,"KO, AJH",NA,NA,NA,NA,10/11/22,10/12/22,"MM, CJ",H,0.5,2.1,12,0,light G ,Y,11/2/22,predation,"PULLED, PEST HOLE",,
Air 3,LARA,Compass Point,LARA E1-269,KO,NA,NA,NA,NA,10/11/22,10/12/22,"MM, CJ",G,0.8,2.3,10,0,light G ,Y,10/29/22,predation,Found a brown beetle in the try on 10/28th/2022but seed looks unharmed  (PULLED ON 10/29/2022 DUE TO PEST HOLE),,
Salt 1,LARA,Compass Point,LARA E1-27,"AND, LE",10/16/22,G,<0.1,CC,10/11/22,10/12/22,DB & KP,"N,G",0.7,2.4,10,0,G,Y,,,,,
Air 3,LARA,STEER Basin,LARA E1-270,"KO, AJH",NA,NA,NA,NA,10/11/22,10/12/22,"MM, CJ",H,0.43,2.05,11,0,light G ,Y,11/2/22,predation,PULLED DUE TO PEST HOLE,,
Soil 1,LARA,Compass Point,LARA E1-271,KO,NA,NA,NA,NA,10/11/22,10/12/22,AC/SM,N,0.59,2.1,9,NA,G,Y,11/9/22,experiment end,END OF EXPERIMENT NOT SPROUTED,,
Soil 1,LARA,Compass Point,LARA E1-272,KO,11/9/22,W,<0.1,CC,10/11/22,10/12/22,AC/SM,H,1.66,2.3,12,NA,G,Y,,,,,
Soil 1,LARA,STEER Basin,LARA E1-273,"MTG, AND",10/14/22,G,<0.1,CC,10/11/22,10/12/22,AC/SM,N,0.49,2,10,NA,G,Y,,,,,
Soil 1,LARA,Compass Point,LARA E1-274,KO,NA,NA,NA,NA,10/11/22,10/12/22,AC/SM,H,0.33,1.7,9,NA,G,Y,10/29/22,dead,DEAD SEED,,
Soil 1,LARA,Vessup Salt Pond,LARA E1-275,"MTG, AND",10/14/22,G,0.1,CC,10/11/22,10/12/22,AC/SM,N,0.41,2,9,NA,G,Y,,,,,
Soil 1,LARA,STEER Basin,LARA E1-276,KO,NA,NA,NA,NA,10/11/22,10/12/22,AC/SM,N,0.53,1.8,10,NA,G,Y,11/9/22,experiment end,END OF EXPERIMENT NOT SPROUTED,,
Soil 1,LARA,STEER Basin,LARA E1-277,"MTG, AND",10/14/22,G,<0.1,CC,10/11/22,10/12/22,AC/SM,N,0.44,2.1,9,NA,G,Y,,,,,
Soil 1,LARA,STEER Basin,LARA E1-278,"AB,KR",10/13/22,G,<0.1,CC,10/11/22,10/12/22,AC/SM,N,0.44,1.8,9,NA,G,Y,,,,,
Soil 1,LARA,Vessup Salt Pond,LARA E1-279,"AND, LE",10/16/22,G,0.1,CC,10/11/22,10/12/22,AC/SM,N,0.56,2.3,11,NA,G,Y,,,,,
Salt 1,LARA,STEER Basin,LARA E1-28,KH,10/13/22,G,<0.1,CC,10/11/22,10/12/22,DB & KP,N,0.64,2.5,11,0,G,Y,,,,,
Soil 1,LARA,Vessup Salt Pond,LARA E1-280,"AB, KR",10/13/22,G,<0.1,CC,10/11/22,10/12/22,AC/SM,H,0.33,1.7,8,NA,G,Y,,,,,
Soil 1,LARA,Compass Point,LARA E1-281,"AND, AR",NA,NA,NA,NA,10/11/22,10/12/22,AC/SM,N,0.5,2.2,8,NA,G,Y,10/31/22,predation,"REMOVED, HERBIVORY",,
Soil 1,LARA,STEER Basin,LARA E1-282,"ZBD, AJH",10/19/22,G,<0.1,CC,10/11/22,10/12/22,AC/SM,H,0.41,1.9,10,NA,G,Y,,,,,
Soil 1,LARA,Compass Point,LARA E1-283,KH,10/27/22,G,<0.1,CC,10/11/22,10/12/22,AC/SM,N,0.37,1.8,12,NA,G,Y,,,,,
Soil 1,LARA,STEER Basin,LARA E1-284,KH,10/27/22,G,0.2,CC,10/11/22,10/12/22,AC/SM,H,0.53,2,10,NA,G,Y,,,,,
Soil 1,LARA,Compass Point,LARA E1-285,"AB,KR",10/13/22,G,<0.1,CC,10/11/22,10/12/22,AC/SM,N,0.66,2.1,13,NA,G,Y,,,,,
Soil 1,LARA,Vessup Salt Pond,LARA E1-286,"TNT, ZB",10/17/22,G,<0.1,CC,10/11/22,10/12/22,AC/SM,N,0.38,2.1,8,NA,brown,N,,,,,
Soil 1,LARA,STEER Basin,LARA E1-287,"AB, KR",10/13/22,G,<0.1,CC,10/11/22,10/12/22,AC/SM,H,0.53,2,10,NA,G,Y,,,,,
Soil 1,LARA,Vessup Salt Pond,LARA E1-288,AD,10/15/22,G,<0.1,CC,10/11/22,10/12/22,AC/SM,N,0.53,2.5,9,NA,G,Y,,,,,
Soil 1,LARA,Vessup Salt Pond,LARA E1-289,"ZBD, AJH",10/19/22,G,<0.1,CC,10/11/22,10/12/22,AC/SM,N,0.45,2,9,NA,G,N,,,,,
Salt 1,LARA,Compass Point,LARA E1-29,KO,NA,NA,NA,NA,10/11/22,10/12/22,DB & KP,N,0.8,2.4,16,0,G,Y,11/9/22,experiment end,"END OF EXPERIMENT, NOT SPROUTED",,
Soil 1,LARA,STEER Basin,LARA E1-290,"AB,KR",10/13/22,B,<0.1,CC,10/11/22,10/12/22,AC/SM,H,0.26,1.6,8,NA,G,Y,,,,,
Soil 1,LARA,Compass Point,LARA E1-291,"TNT, ZB",10/17/22,G,<0.1,CC,10/11/22,10/12/22,AC/SM,N,0.68,2.4,10,NA,G,Y,,,,,
Soil 1,LARA,Compass Point,LARA E1-292,"KO, AJH",11/9/22,W,<0.1,CC,10/11/22,10/12/22,AC/SM,H,0.52,2.1,11,NA,G,Y,,,,,
Soil 1,LARA,STEER Basin,LARA E1-293,"TNT, ZB",10/17/22,G,<0.1,CC,10/11/22,10/12/22,AC/SM,H,0.48,2.1,10,NA,G,Y,,,,,
Soil 1,LARA,STEER Basin,LARA E1-294,"TNT, ZB",10/17/22,G,<0.1,CC,10/11/22,10/12/22,AC/SM,N,0.21,1.5,8,NA,G,Y,,,,,
Soil 1,LARA,Vessup Salt Pond,LARA E1-295,KH,10/27/22,B,<0.1,CC,10/11/22,10/12/22,AC/SM,H,0.43,2.2,7,NA,G,N,,,,,
Soil 1,LARA,Vessup Salt Pond,LARA E1-296,"KO, AJH",NA,NA,NA,NA,10/11/22,10/12/22,AC/SM,N,0.33,1.8,7,NA,G,Y,11/2/22,predation,PULLED DUE TO PEST HOLE,,
Soil 1,LARA,Vessup Salt Pond,LARA E1-297,KO,NA,NA,NA,NA,10/11/22,10/12/22,AC/SM,N,0.44,2,9,NA,G,Y,10/29/22,mold,PULLED BECAUSE OF MOLD,,
Soil 1,LARA,Compass Point,LARA E1-298,"TNT, ZB",10/17/22,G,<0.1,CC,10/11/22,10/12/22,AC/SM,H,0.7,2.2,11,NA,G,Y,,,,,
Soil 1,LARA,Compass Point,LARA E1-299,"KO, AJH",NA,NA,NA,NA,10/11/22,10/12/22,AC/SM,H,0.59,2.4,8,NA,G,Y,11/2/22,mold,PULLED DUE TO MOLD,,
Salt 1,LARA,Vessup Salt Pond,LARA E1-3,"MTG, AND",10/14/22,G,0.1,CC,10/11/22,10/12/22,DB & KP,N,0.76,2.5,13,0,G,Y,,,,,
Salt 1,LARA,Compass Point,LARA E1-30,"MTG, AH",10/17/22,G,<0.1,CC,10/11/22,10/12/22,DB & KP,N,0.73,2.4,11,0,G,Y,,,,,
Soil 1,LARA,Vessup Salt Pond,LARA E1-300,"AB,KR",10/13/22,G,<0.1,CC,10/11/22,10/12/22,AC/SM,H,0.73,2.2,10,NA,G,Y,,,,,
Soil 2,LARA,STEER Basin,LARA E1-301,"KO, AJH",NA,NA,NA,NA,10/11/22,10/12/22,DB & KP,N,0.43,2.2,12,0,G,Y,11/2/22,predation,PULLED DUE TO PEST HOLE,,
Soil 2,LARA,Compass Point,LARA E1-302,AD,10/15/22,G,<0.1,CC,10/11/22,10/12/22,DB & KP,N,0.64,2.6,13,0,G,Y,,,,,
Soil 2,LARA,Vessup Salt Pond,LARA E1-303,KO,NA,NA,NA,NA,10/11/22,10/12/22,"AND, KH",H,0.23,1.5,9,NA,G,Y,10/29/22,dead,PULLLED DEAD SEED,,
Soil 2,LARA,Vessup Salt Pond,LARA E1-304,KO,NA,NA,NA,NA,10/11/22,10/12/22,"AND, KH",H,0.28,1.7,9,NA,G,Y,10/29/22,dead,PULLED DEAD SEED,,
Soil 2,LARA,Vessup Salt Pond,LARA E1-305,KO,NA,NA,NA,NA,10/11/22,10/12/22,"AND, KH",H,0.65,2.4,12,NA,G,Y,10/29/22,dead,PULLED DEAD SEED,,
Soil 2,LARA,Vessup Salt Pond,LARA E1-306,"MTG, AH",10/17/22,G,<0.1,CC,10/11/22,10/12/22,DB & KP,N,0.18,1.6,7,0,G,N,,,,,
Soil 2,LARA,STEER Basin,LARA E1-307,"MTG, AH",10/17/22,G,<0.1,CC,10/11/22,10/12/22,DB & KP,N,0.43,2.2,10,0,G,Y,,,,,
Soil 2,LARA,Compass Point,LARA E1-308,AND,10/22/22,G,<0.1,CC,10/11/22,10/12/22,DB & KP,N,0.35,2.1,12,0,G,Y,,,,,
Soil 2,LARA,Vessup Salt Pond,LARA E1-309,AD,10/15/22,G,<0.1,CC,10/11/22,10/12/22,DB & KP,H,0.37,1.8,10,0,G,Y,,,,,
Salt 2,LARA,STEER Basin,LARA E1-31,AND,10/13/22,G,<0.1,CC,10/11/22,10/12/22,"NM, JP",N,1.09,2.9,12,NA,G,Y,,,,,
Soil 2,LARA,STEER Basin,LARA E1-310,AD,10/15/22,G,<0.1,CC,10/11/22,10/12/22,DB & KP,H,0.48,2,11,0,G,Y,,,,,
Soil 2,LARA,Compass Point,LARA E1-311,KO,NA,NA,NA,NA,10/11/22,10/12/22,DB & KP,H,0.62,2.4,12,0,G,Y,10/29/22,mold,MOLDY,,
Soil 2,LARA,STEER Basin,LARA E1-312,"ZBD, AJH",10/19/22,G,<0.1,CC,10/11/22,10/12/22,DB & KP,N,0.38,2,10,0,G,Y,,,,,
Soil 2,LARA,Vessup Salt Pond,LARA E1-313,KH,10/20/22,G,<0.1,CC,10/11/22,10/12/22,"AND, KH",N,0.35,1.9,9,NA,GB,Y,,,,,
Soil 2,LARA,Vessup Salt Pond,LARA E1-314,KO,NA,NA,NA,NA,10/11/22,10/12/22,"AND, KH",N,0.39,1.8,8,NA,GB,Y,10/29/22,dead,DEAD SEED,,
Soil 2,LARA,Compass Point,LARA E1-315,"MTG, AND",10/14/22,G,>0.1,CC,10/11/22,10/12/22,DB & KP,N,0.43,2,14,0,Y,Y,,,,,
Soil 2,LARA,Compass Point,LARA E1-316,"MTG, AND",10/14/22,G,>0.1,CC,10/11/22,10/12/22,DB & KP,H,0.86,2.5,11,0,G,Y,,,,,
Soil 2,LARA,STEER Basin,LARA E1-317,KO,NA,NA,NA,NA,10/11/22,10/12/22,DB & KP,H,0.36,2,9,0,G,Y,11/9/22,predation,Pull because of pest hole. A dead stink bug was found in the tray.,,
Soil 2,LARA,STEER Basin,LARA E1-318,KO,NA,NA,NA,NA,10/11/22,10/12/22,DB & KP,G,0.55,2.3,13,0,G,Y,11/9/22,predation,Pull because of pest hole. A dead stink bug was found in the tray.,,
Soil 2,LARA,STEER Basin,LARA E1-319,"LU, AJH, ZZB, AB",10/18/22,G,<0.1,CC,10/11/22,10/12/22,DB & KP,H,0.41,2.1,11,0,G,Y,,,,,
Salt 2,LARA,Compass Point,LARA E1-32,MTG,10/24/22,B,<0.1,CC,10/11/22,10/12/22,"NM, JP",N,0.79,2.6,12,NA,G,Y,,,,,
Soil 2,LARA,Vessup Salt Pond,LARA E1-320,KH,10/20/22,G,<0.1,CC,10/11/22,10/12/22,"AND, KH",H,0.6,2.3,12,NA,G,Y,,,,,
Soil 2,LARA,Vessup Salt Pond,LARA E1-321,"AND, LE",10/22/22,B,<0.1,CC,10/11/22,10/12/22,"AND, KH",N,0.64,2.2,13,NA,G,Y,,,,,
Soil 2,LARA,Compass Point,LARA E1-322,"MTG, AND",10/14/22,G,<0.1,CC,10/11/22,10/12/22,DB & KP,N,0.7,2.4,11,0,G,Y,,,,,
Soil 2,LARA,Vessup Salt Pond,LARA E1-323,KO,NA,NA,NA,NA,10/11/22,10/12/22,"AND, KH",H,0.55,2.3,10,NA,G,Y,10/29/22,dead,DEAD SEED,,
Soil 2,LARA,Compass Point,LARA E1-324,MTG,10/24/22,B,<0.1,CC,10/11/22,10/12/22,DB & KP,H,0.5,2.1,13,0,G,Y,,,,,
Soil 2,LARA,STEER Basin,LARA E1-325,"LU, AJH, ZDB, AB",10/18/22,G,<0.1,CC,10/11/22,10/12/22,DB & KP,H,0.39,2,11,0,G,Y,,,,,
Soil 2,LARA,STEER Basin,LARA E1-326,"MTG, AH",10/17/22,G,<0.1,CC,10/11/22,10/12/22,DB & KP,H,0.51,2.1,12,0,Y,Y,,,,,
Soil 2,LARA,Compass Point,LARA E1-327,"KO,AJH",NA,NA,NA,NA,10/11/22,10/12/22,DB & KP,G,0.44,2.3,10,0,G,Y,11/9/22,experiment end,END OF EXPERIMENT DID NOT SPROUT,,
Soil 2,LARA,Compass Point,LARA E1-328,KH,10/20/22,G,<0.1,CC,10/11/22,10/12/22,DB & KP,N,0.84,2.5,13,0,G,Y,,,,,
Soil 2,LARA,STEER Basin,LARA E1-329,AND,NA,NA,NA,NA,10/11/22,10/12/22,DB & KP,N,0.39,1.9,10,0,Y,Y,11/3/22,mold,,,
Salt 2,LARA,Compass Point,LARA E1-33,"MTG, AND",10/14/22,G,>0.1,CC,10/11/22,10/12/22,"NM, JP",N,0.91,2.8,13,NA,G,Y,,,,,
Soil 2,LARA,Compass Point,LARA E1-330,"MTG, AND",10/14/22,G,0.1,CC,10/11/22,10/12/22,DB & KP,H,0.69,2.3,13,0,Y,Y,,,,,
Soil 3,LARA,Vessup Salt Pond,LARA E1-331,KH,10/27/22,G,<0.1,CC,10/11/22,10/12/22,"KD,JS",N,0.49,2,10,NA,G,Y,,,,,
Soil 3,LARA,Compass Point,LARA E1-332,"AB,KR",10/13/22,G,<0.1,CC,10/11/22,10/12/22,"KD,JS",H,0.76,2.7,10,NA,G,Y,,,,,
Soil 3,LARA,Compass Point,LARA E1-333,"AB,KR",10/13/22,G,<0.1,CC,10/11/22,10/12/22,"KD,JS",H,0.53,2,10,NA,G,Y,,,,,
Soil 3,LARA,Vessup Salt Pond,LARA E1-334,KH,10/13/22,G,<0.1,CC,10/11/22,10/12/22,"KD,JS",N,0.52,2,10,NA,G,Y,,,,,
Soil 3,LARA,STEER Basin,LARA E1-335,KH,10/13/22,G,<0.1,CC,10/11/22,10/12/22,"KD,JS",H,0.51,2,10,NA,G,Y,,,,,
Soil 3,LARA,STEER Basin,LARA E1-336,"MTG, AH, LU, ZDB",10/17/22,G,<0.1,CC,10/11/22,10/12/22,"KD,JS",H,0.43,2,10,NA,G,Y,,,,,
Soil 3,LARA,Vessup Salt Pond,LARA E1-337,"AB,KR",10/13/22,G,<0.1,CC,10/11/22,10/12/22,"KD,JS",H,0.48,2,10,NA,G,Y,,,,,
Soil 3,LARA,STEER Basin,LARA E1-338,"AB,KR",10/13/22,G,<0.1,CC,10/11/22,10/12/22,"KD,JS",H,0.44,1.9,10,NA,G,Y,,,,,
Soil 3,LARA,STEER Basin,LARA E1-339,KH,10/20/22,G,<0.1,CC,10/11/22,10/12/22,"KD,JS",H,0.5,2,11,NA,G,Y,,,,,
Salt 2,LARA,STEER Basin,LARA E1-34,"AND, LE",10/16/22,G,<0.1,CC,10/11/22,10/12/22,"NM, JP",H,0.4,1.8,10,NA,G,Y,,,,,
Soil 3,LARA,STEER Basin,LARA E1-340,"MTG, AH, LU, ZDB",10/17/22,G,<0.1,CC,10/11/22,10/12/22,"KD,JS",H,0.67,2.5,11,NA,G,Y,,,,,
Soil 3,LARA,Compass Point,LARA E1-341,"LU, AJH, ZDB, AB",10/18/22,G,<0.1,CC,10/11/22,10/12/22,"KD,JS",H,1,3,10,NA,G,Y,,,,,
Soil 3,LARA,STEER Basin,LARA E1-342,KO,NA,NA,NA,NA,10/11/22,10/12/22,"KD,JS",H,0.43,2,10,NA,G,Y,10/29/22,predation,PULLED DUE TO PEST HOLE,,
Soil 3,LARA,Vessup Salt Pond,LARA E1-343,"KO, AJH",NA,NA,NA,NA,10/13/22,10/13/22,"AB,KR",H,0.45,2,9,NA,G,Y,11/2/22,predation,PULLED DUE TO PEST HOLE,,
Soil 3,LARA,Compass Point,LARA E1-344,KH,10/20/22,G,<0.1,CC,10/11/22,10/12/22,"SS, KR",H,0.21,2.2,11,NA,G,Y,,,,,
Soil 3,LARA,Vessup Salt Pond,LARA E1-345,"MTG, AH, LU, ZDB",10/17/22,G,<0.1,CC,10/11/22,10/12/22,"SS, KR",H,0.5,2.1,11,NA,G,Y,,,,,
Soil 3,LARA,Compass Point,LARA E1-346,"ZBD, AJH",10/19/22,G,<0.1,CC,10/11/22,10/12/22,"SS, KR",H,0.48,2.2,11,NA,G,Y,,,,,
Soil 3,LARA,Compass Point,LARA E1-347,KH,10/13/22,G,<0.1,CC,10/11/22,10/12/22,"SS, KR",N,0.68,2.2,9,NA,G,Y,,,,,
Soil 3,LARA,STEER Basin,LARA E1-348,"MTG, AND",10/14/22,G,<0.1,CC,10/11/22,10/12/22,"SS, KR",H,0.44,2.1,12,NA,G,Y,,,,,
Soil 3,LARA,Vessup Salt Pond,LARA E1-349,"AB,KR",10/13/22,G,<0.1,CC,10/11/22,10/12/22,"SS, KR",H,0.64,2.3,11,NA,G,Y,,,,,
Salt 2,LARA,Vessup Salt Pond,LARA E1-35,AND,10/13/22,G,<0.1,CC,10/11/22,10/12/22,"NM, JP",N,0.77,2.2,11,NA,G,Y,,,,,
Soil 3,LARA,Compass Point,LARA E1-350,AD,10/15/22,G,<0.1,CC,10/11/22,10/12/22,"SS, KR",H,0.79,2.4,11,NA,G,Y,,,,,
Soil 3,LARA,STEER Basin,LARA E1-351,"KO, AJH",NA,NA,NA,NA,10/11/22,10/12/22,"SS, KR",H,0.37,1.9,9,NA,G,Y,11/2/22,predation,PULLED DUE TO PEST HOLE,,
Soil 3,LARA,Vessup Salt Pond,LARA E1-352,"AND, LE",10/22/22,G,<0.1,CC,10/11/22,10/12/22,"SS, KR",H,0.59,2.1,10,NA,G,Y,,,,,
Soil 3,LARA,Vessup Salt Pond,LARA E1-353,KO,NA,NA,NA,NA,10/11/22,10/12/22,"SS, KR",H,0.82,1.7,9,NA,G,Y,10/29/22,mold,PULLED DUE TO MOLD,,
Soil 3,LARA,Vessup Salt Pond,LARA E1-354,"MTG, AH, LU, ZDB",10/17/22,G,<0.1,CC,10/13/22,10/13/22,"AB,KR",H,0.64,2.2,12,NA,G,Y,,,,,
Soil 3,LARA,STEER Basin,LARA E1-355,"AB,KR,",10/13/22,G,<0.1,CC,10/11/22,10/12/22,"SS, KR",H,0.39,1.8,9,NA,G,Y,,,,,
Soil 3,LARA,Compass Point,LARA E1-356,KO,NA,NA,NA,NA,10/11/22,10/12/22,"SS, KR",N,0.67,2.4,9,NA,G,Y,10/29/22,dead,DEAD SEED,,
Soil 3,LARA,Vessup Salt Pond,LARA E1-357,KO,NA,NA,NA,NA,10/11/22,10/12/22,"AND, KH",H,0.2,1.4,7,NA,G,Y,11/9/22,dead,DEAD ON 11/9TH/2022,,
Soil 3,LARA,STEER Basin,LARA E1-358,"AND, LE",10/16/22,G,<0.1,CC,10/11/22,10/12/22,"SS, KR",H,0.43,1.8,9,NA,G,Y,,,,,
Soil 3,LARA,Compass Point,LARA E1-359,"AND, LE",10/22/22,G,<0.1,CC,10/11/22,10/12/22,"SS, KR",H,0.45,2,11,NA,G,Y,,,,,
Salt 2,LARA,Vessup Salt Pond,LARA E1-36,AND,10/13/22,G,<0.1,CC,10/11/22,10/12/22,"NM, JP",N,0.7,2.3,10,NA,G,Y,,,"Door open, no sprout",,
Soil 3,LARA,Compass Point,LARA E1-360,"MTG, AH, LU, ZDB",10/17/22,G,<0.1,CC,10/11/22,10/12/22,"SS, KR",H,0.74,2.5,11,NA,Y,Y,,,,,
Salt 2,LARA,STEER Basin,LARA E1-37,"MTG, AND",10/14/22,G,0.1,CC,10/11/22,10/12/22,"NM, JP",N,0.46,1.9,11,NA,G,Y,,,,,
Salt 2,LARA,Compass Point,LARA E1-38,"AND, LE",10/22/22,G,0.2,CC,10/11/22,10/12/22,"NM, JP",N,0.69,2.5,10,NA,G,Y,,,,,
Salt 2,LARA,STEER Basin,LARA E1-39,"MTG, AND",10/14/22,G,0.2,CC,10/11/22,10/12/22,"NM, JP",H,0.48,2,11,NA,G,Y,,,,,
Salt 1,LARA,Vessup Salt Pond,LARA E1-4,"AND, LE",10/16/22,G,<0.1,CC,10/11/22,10/12/22,DB & KP,N,0.5,2.3,10,0,G,Y,,,,,
Salt 2,LARA,Compass Point,LARA E1-40,"MTG, AND",10/14/22,G,<0.1,CC,10/11/22,10/12/22,"NM, JP",N,0.82,2.5,14,NA,G,Y,,,,,
Salt 2,LARA,STEER Basin,LARA E1-41,AND,10/23/22,G,<0.1,CC,10/11/22,10/12/22,"NM, JP",N,0.48,2.2,10,NA,G,Y,,,,,
Salt 2,LARA,STEER Basin,LARA E1-42,"AND, LE",10/22/22,G,<0.1,CC,10/11/22,10/12/22,"NM, JP",N,0.37,2.1,9,NA,G,Y,,,,,
Salt 2,LARA,STEER Basin,LARA E1-43,AD,10/15/22,G,<0.1,CC,10/11/22,10/12/22,"NM, JP",H,0.57,2.1,12,NA,G,Y,,,,,
Salt 2,LARA,STEER Basin,LARA E1-44,NA,NA,NA,NA,NA,10/11/22,10/12/22,"NM, JP",N,0.43,2,11,NA,G,Y,10/21/22,lost,10/21/22 No prop found with tag,,
Salt 2,LARA,Vessup Salt Pond,LARA E1-45,AND,10/13/22,G,<0.1,CC,10/11/22,10/12/22,"NM, JP",H,0.44,2.1,9,NA,G,Y,,,,,
Salt 2,LARA,STEER Basin,LARA E1-46,AND,10/13/22,G,<0.1,CC,10/11/22,10/12/22,"NM, JP",H,0.44,2.2,9,NA,G,Y,,,,,
Salt 2,LARA,Vessup Salt Pond,LARA E1-47,"MTG, AND",10/14/22,G,<0.1,CC,10/11/22,10/12/22,"NM, JP",N,0.41,1.9,10,NA,G,Y,,,,,
Salt 2,LARA,Compass Point,LARA E1-48,"AND, LE",10/16/22,G,0.1,CC,10/11/22,10/12/22,"NM, JP",H,0.61,2.5,8,NA,G,Y,,,,,
Salt 2,LARA,Vessup Salt Pond,LARA E1-49,AND,10/13/22,G,<0.1,CC,10/11/22,10/12/22,"NM, JP",H,0.64,2.4,12,NA,G,Y,,,,,
Salt 1,LARA,STEER Basin,LARA E1-5,"AND, LE",10/22/22,G,<0.1,CC,10/11/22,10/12/22,DB & KP,N,1.69,2.6,20,0.3,G,N,,,,,
Salt 2,LARA,Compass Point,LARA E1-50,AND,10/13/22,G,<0.1,CC,10/11/22,10/12/22,"NM, JP",N,0.88,2.7,12,NA,G,Y,,,,,
Salt 2,LARA,Vessup Salt Pond,LARA E1-51,AND,10/13/22,G,<0.1,CC,10/11/22,10/12/22,"NM, JP",N,0.41,2,11,NA,G,Y,,,,,
Salt 2,LARA,Compass Point,LARA E1-52,"AND, LE",10/16/22,G,<0.1,CC,10/11/22,10/12/22,"NM, JP",N,0.64,2.5,13,NA,G,Y,,,,,
Salt 2,LARA,Vessup Salt Pond,LARA E1-53,"MTG, AND",10/14/22,G,0.1,CC,10/11/22,10/12/22,"NM, JP",N,0.51,2.3,10,NA,G,Y,,,,,
Salt 2,LARA,Vessup Salt Pond,LARA E1-54,AND,10/13/22,G,<0.1,CC,10/11/22,10/12/22,"NM, JP",H,0.55,2.1,10,NA,G,Y,,,,,
Salt 2,LARA,STEER Basin,LARA E1-55,AND,10/13/22,G,<0.1,CC,10/11/22,10/12/22,"NM, JP",H,0.38,1.7,8,NA,G,Y,,,,,
Salt 2,LARA,Compass Point,LARA E1-56,KH,10/20/22,G,<0.1,CC,10/11/22,10/12/22,"NM, JP",N,1.04,2.9,12,NA,G,Y,,,,,
Salt 2,LARA,Compass Point,LARA E1-57,"LU, AJH, ZZB, AB",10/18/22,G,<0.1,CC,10/11/22,10/12/22,"NM, JP",N,0.72,2.6,12,NA,G,Y,,,,,
Salt 2,LARA,Compass Point,LARA E1-58,AD,10/15/22,G,<0.1,CC,10/11/22,10/12/22,"NM, JP",N,0.76,2.5,9,NA,G,Y,,,,,
Salt 2,LARA,Vessup Salt Pond,LARA E1-59,"MG, AJH",10/21/22,G,<0.1,CC,10/13/22,10/13/22,AND,N,0.6,2.3,11,NA,G,Y,,,,,
Salt 1,LARA,Compass Point,LARA E1-6,"AND, LE",10/16/22,G,0.1,CC,10/11/22,10/12/22,DB & KP,N,0.88,2.8,13,0,G,Y,,,,,
Salt 2,LARA,Vessup Salt Pond,LARA E1-60,"MTG, AND",10/14/22,G,0.1,CC,10/11/22,10/12/22,"NM, JP",N,0.58,2.2,11,NA,G,Y,,,,,
Salt 3,LARA,STEER Basin,LARA E1-61,"K.O, A.J.H",10/26/22,G,<0.1,CC,10/11/22,10/12/22,"SS,KR,KD",N,0.41,2,9,NA,G,Y,,,,,
Salt 3,LARA,STEER Basin,LARA E1-62,"TNT, ZB",10/17/22,G,<0.1,CC,10/11/22,10/12/22,"SS,KR,KD",H,0.43,1.8,9,NA,G,Y,,,,,
Salt 3,LARA,Vessup Salt Pond,LARA E1-63,"MTG, AND",10/14/22,G,0.2,CC,10/11/22,10/12/22,"SS,KR,KD",H,0.43,2.2,10,NA,G,Y,,,,,
Salt 3,LARA,Compass Point,LARA E1-64,"AND, LE",10/16/22,G,<0.1,CC,10/11/22,10/12/22,"SS,KR,KD",N,0.68,2.3,10,NA,G,Y,,,,,
Salt 3,LARA,Compass Point,LARA E1-65,"AND, LE",10/16/22,G,0.1,CC,10/11/22,10/12/22,"SS,KR,KD",N,0.86,2.4,13,NA,G,Y,,,,,
Salt 3,LARA,Compass Point,LARA E1-66,KH,10/20/22,G,<0.1,CC,10/11/22,10/12/22,"SS,KR,KD",H,0.62,2.3,13,NA,G,Y,,,,,
Salt 3,LARA,Vessup Salt Pond,LARA E1-67,AND,10/13/22,G,<0.1,CC,10/11/22,10/12/22,"SS,KR,KD",H,0.47,2.1,19,NA,G,Y,,,,,
Salt 3,LARA,STEER Basin,LARA E1-68,<0.1,CC,G,<0.1,CC,10/11/22,10/12/22,"SS,KR,KD",H,0.57,2.1,11,NA,G,Y,,,sprout date missing,,
Salt 3,LARA,Compass Point,LARA E1-69,"AND, LE",10/16/22,G,<0.1,CC,10/11/22,10/12/22,"SS,KR,KD",N,0.61,2.2,19,NA,G,Y,,,,,
Salt 1,LARA,STEER Basin,LARA E1-7,"MTG, AH, LU, ZDB",10/17/22,G,<0.1,CC,10/11/22,10/12/22,DB & KP,H,0.48,2,12,0,G,Y,,,,,
Salt 3,LARA,Compass Point,LARA E1-70,"MTG, AND",10/14/22,G,<0.1,CC,10/11/22,10/12/22,"SS,KR,KD",N,0.7,2.3,11,NA,G,Y,,,,,
Salt 3,LARA,Vessup Salt Pond,LARA E1-71,AND,10/13/22,G,0.2,CC,10/11/22,10/12/22,"SS,KR,KD",H,0.51,1.9,10,NA,G,Y,,,,,
Salt 3,LARA,Vessup Salt Pond,LARA E1-72,"MTG, AND",10/14/22,G,<0.1,CC,10/11/22,10/12/22,"SS,KR,KD",N,0.59,2.3,10,NA,G,Y,,,,,
Salt 3,LARA,Compass Point,LARA E1-73,AND,10/13/22,G,0.1,CC,10/11/22,10/12/22,"SS,KR,KD",N,0.84,2.6,12,NA,G,Y,,,,,
Salt 3,LARA,STEER Basin,LARA E1-74,AD,10/15/22,G,0.1,CC,10/11/22,10/12/22,"SS,KR,KD",N,0.72,2.3,12,NA,G,Y,,,,,
Salt 3,LARA,Compass Point,LARA E1-75,"AND, LE",10/16/22,G,<0.1,CC,10/11/22,10/12/22,"SS,KR,KD",N,0.8,2.4,12,NA,G,Y,,,,,
Salt 3,LARA,STEER Basin,LARA E1-76,AND,10/13/22,G,<0.1,CC,10/11/22,10/12/22,"SS,KR,KD",H,0.45,1.7,10,NA,G,Y,,,,,
Salt 3,LARA,STEER Basin,LARA E1-77,"MTG, AND",10/14/22,G,>0.1,CC,10/11/22,10/12/22,"KD,JS",H,0.5,2.3,10,NA,G,Y,,,,,
Salt 3,LARA,Compass Point,LARA E1-78,KO,NA,NA,NA,NA,10/11/22,10/12/22,"KD,JS",H,0.78,2.4,12,NA,G,Y,11/9/22,experiment end,"END OF EXPERIMENT, NOT SPROUTED",,
Salt 3,LARA,STEER Basin,LARA E1-79,"MTG, AND",10/14/22,G,0.1,CC,10/11/22,10/12/22,"KD,JS",N,0.49,2,10,NA,G,Y,,,,,
Salt 1,LARA,STEER Basin,LARA E1-8,KH,10/13/22,G,<0.1,CC,10/11/22,10/12/22,DB & KP,H,0.55,2.2,12,0,G,Y,,,,,
Salt 3,LARA,STEER Basin,LARA E1-80,"MTG, AND",10/14/22,G,0.1,CC,10/11/22,10/12/22,"KD,JS",H,0.43,2,10,NA,G,Y,,,,,
Salt 3,LARA,Vessup Salt Pond,LARA E1-81,"MTG, AND",10/14/22,G,>0.1,CC,10/11/22,10/12/22,"KD,JS",N,0.55,2.2,11,NA,G,Y,,,,,
Salt 3,LARA,Vessup Salt Pond,LARA E1-82,"LU, AJH, ZZB, AB",10/18/22,G,<0.1,CC,10/11/22,10/12/22,"KD,JS",H,0.46,2.2,4,NA,G,Y,,,,,
Salt 3,LARA,Vessup Salt Pond,LARA E1-83,"AND, LE",10/22/22,G,<0.1,CC,10/13/22,10/13/22,AND,N,0.32,1.6,0.8,NA,G,Y,,,,,
Salt 3,LARA,Compass Point,LARA E1-84,"MTG, AND",10/14/22,G,0.1,CC,10/11/22,10/12/22,"SS, KR",H,0.77,2.5,11,NA,G,Y,,,,,
Salt 3,LARA,STEER Basin,LARA E1-85,"AND, LE",10/22/22,B,<0.1,CC,10/11/22,10/12/22,"SS, KR",H,0.61,2.2,12,NA,G,Y,,,,,
Salt 3,LARA,Vessup Salt Pond,LARA E1-86,AND,10/13/22,G,<0.1,CC,10/11/22,10/12/22,"SS, KR",N,0.45,1.9,10,NA,G,Y,,,,,
Salt 3,LARA,Compass Point,LARA E1-87,"MTG, AND",10/14/22,G,<0.1,CC,10/11/22,10/12/22,"SS, KR",H,0.59,2.2,14,NA,G,Y,,,,,
Salt 3,LARA,Vessup Salt Pond,LARA E1-88,"LU, AJH, ZZB, AB",10/18/22,G,<0.1,CC,10/11/22,10/12/22,"SS, KR",N,0.48,2,10,NA,G,Y,,,,,
Salt 3,LARA,STEER Basin,LARA E1-89,KO,NA,NA,NA,NA,10/11/22,10/12/22,"SS, KR",H,0.36,2,10,NA,G,Y,11/9/22,experiment end,END OF EXPERIEMENT NOT SPROUTED,,
Salt 1,LARA,STEER Basin,LARA E1-9,"AND, LE",10/22/22,G,<0.1,CC,10/11/22,10/12/22,DB & KP,N,0.39,2,11,0,G,Y,,,,,
Salt 3,LARA,Vessup Salt Pond,LARA E1-90,"AND, LE",10/16/22,G,0.1,CC,10/11/22,10/12/22,"SS, KR",N,0.59,2.3,11,NA,G,Y,,,,,
Fresh 1,LARA,STEER Basin,LARA E1-91,"KO,AJH",NA,NA,NA,NA,10/11/22,10/12/22,"KWG, AND",N,0.4,2.1,9,NA,G,Y,11/9/22,experiment end,END OF EXPERIMENT NOT SPROUTED,,
Fresh 1,LARA,STEER Basin,LARA E1-92,"MTG, AND",10/14/22,G,0.2,CC,10/11/22,10/12/22,"KWG, AND",H,0.52,2,11,NA,G,Y,,,,,
Fresh 1,LARA,Vessup Salt Pond,LARA E1-93,AND,10/13/22,G,<0.1,CC,10/11/22,10/12/22,"KWG, AND",N,0.45,2.1,10,NA,G,Y,,,,,
Fresh 1,LARA,Vessup Salt Pond,LARA E1-94,"MTG, AH",10/17/22,G,<0.1,CC,10/13/22,10/13/22,"KWG, AND",H,0.64,2.5,12,NA,G,Y,,,,,
Fresh 1,LARA,Vessup Salt Pond,LARA E1-95,AND,10/13/22,G,0.1,CC,10/11/22,10/12/22,"KWG, AND",H,0.46,2.4,10,NA,GB,Y,,,,,
Fresh 1,LARA,STEER Basin,LARA E1-96,"MTG, AND",10/14/22,G,0.3,CC,10/11/22,10/12/22,"KWG, AND",H,0.53,2.1,10,NA,G,Y,,,,,
Fresh 1,LARA,Compass Point,LARA E1-97,AD,10/15/22,G,0.1,CC,10/11/22,10/12/22,"KWG, AND",N,0.78,2.5,10,NA,G,Y,,,,,
Fresh 1,LARA,Compass Point,LARA E1-98,"ZBD, AJH",10/19/22,G,<0.1,CC,10/11/22,10/12/22,"KWG, AND",N,0.37,2,11,NA,G,Y,,,,,
Fresh 1,LARA,STEER Basin,LARA E1-99,AD,10/15/22,G,<0.1,CC,10/11/22,10/12/22,"KWG, AND",N,0.4,1.9,10,NA,G,Y,,,,,